Workbook

Sheet Calendario
A1: ASSENZE COLLEGIO
A2: ="Periodo: "&TEXT(DAY(Impostazioni!$B$4),"00")&"/"&TEXT(MONTH(Impostazioni!$B$4),"00")&"/"&YEAR(Impostazioni!$B$4)&" - "&TEXT(DAY(Impostazioni!$B$5),"00")&"/"&TEXT(MONTH(Impostazioni!$B$5),"00")&"/"&YEAR(Impostazioni!$B$5)&" · soglia "&ROUND(Impostazioni!$B$6*100,0)&"%" -> Periodo: 01/10/2026 - 30/09/2027 · soglia 56% | J2: =Impostazioni!$B$8 -> 46298
A3: ASSENZE RIMANENTI | C3: MENSILI RIMANENTI | F3: PRESENZA A FINE ANNO
A4: =Riepilogo!B17 -> 137 | C4: =Riepilogo!B29 -> 12.528 | F4: =Riepilogo!B24 -> 1
A5: ="Assenze usate "&Riepilogo!B15&" su "&Riepilogo!B12&" · Giustificate "&Riepilogo!B16&" · Presenze finora "&Riepilogo!B21 -> Assenze usate 0 su 137 · Giustificate 0 · Presenze finora 2
A6: =IF(Impostazioni!$B$12<>"OK","VERIFICA IMPOSTAZIONI",IF(Riepilogo!B17<0,"SOGLIA SUPERATA",IF(Riepilogo!B17<=Impostazioni!$B$10,"ATTENZIONE: POCHE ASSENZE RIMASTE","IN REGOLA"))) -> IN REGOLA
A7: Ogni giorno è già presenza: segna solo le assenze. Tocca la cella sotto la data e scegli A, G o P.
A8: A | B8: G | C8: P | D8: festa / chiuso
A9: A assenza · G giustificata (conta come presenza) · P presente (annulla un'assenza) · verde = presenza
A10: =HYPERLINK("#Calendario!A"&(14+15*MAX(0,MIN(11,(YEAR(Impostazioni!$B$8)-YEAR(Impostazioni!$B$11))*12+MONTH(Impostazioni!$B$8)-MONTH(Impostazioni!$B$11)))),"▸ VAI AL MESE CORRENTE") -> ▸ VAI AL MESE CORRENTE
A11: =HYPERLINK("#Calendario!A14",CHOOSE(MONTH($J$14),"Gen","Feb","Mar","Apr","Mag","Giu","Lug","Ago","Set","Ott","Nov","Dic")&" "&TEXT(MOD(YEAR($J$14),100),"00")) -> Ott 26 | B11: =HYPERLINK("#Calendario!A29",CHOOSE(MONTH($J$29),"Gen","Feb","Mar","Apr","Mag","Giu","Lug","Ago","Set","Ott","Nov","Dic")&" "&TEXT(MOD(YEAR($J$29),100),"00")) -> Nov 26 | C11: =HYPERLINK("#Calendario!A44",CHOOSE(MONTH($J$44),"Gen","Feb","Mar","Apr","Mag","Giu","Lug","Ago","Set","Ott","Nov","Dic")&" "&TEXT(MOD(YEAR($J$44),100),"00")) -> Dic 26 | D11: =HYPERLINK("#Calendario!A59",CHOOSE(MONTH($J$59),"Gen","Feb","Mar","Apr","Mag","Giu","Lug","Ago","Set","Ott","Nov","Dic")&" "&TEXT(MOD(YEAR($J$59),100),"00")) -> Gen 27 | E11: =HYPERLINK("#Calendario!A74",CHOOSE(MONTH($J$74),"Gen","Feb","Mar","Apr","Mag","Giu","Lug","Ago","Set","Ott","Nov","Dic")&" "&TEXT(MOD(YEAR($J$74),100),"00")) -> Feb 27 | F11: =HYPERLINK("#Calendario!A89",CHOOSE(MONTH($J$89),"Gen","Feb","Mar","Apr","Mag","Giu","Lug","Ago","Set","Ott","Nov","Dic")&" "&TEXT(MOD(YEAR($J$89),100),"00")) -> Mar 27 | G11: =HYPERLINK("#Calendario!A104",CHOOSE(MONTH($J$104),"Gen","Feb","Mar","Apr","Mag","Giu","Lug","Ago","Set","Ott","Nov","Dic")&" "&TEXT(MOD(YEAR($J$104),100),"00")) -> Apr 27
A12: =HYPERLINK("#Calendario!A119",CHOOSE(MONTH($J$119),"Gen","Feb","Mar","Apr","Mag","Giu","Lug","Ago","Set","Ott","Nov","Dic")&" "&TEXT(MOD(YEAR($J$119),100),"00")) -> Mag 27 | B12: =HYPERLINK("#Calendario!A134",CHOOSE(MONTH($J$134),"Gen","Feb","Mar","Apr","Mag","Giu","Lug","Ago","Set","Ott","Nov","Dic")&" "&TEXT(MOD(YEAR($J$134),100),"00")) -> Giu 27 | C12: =HYPERLINK("#Calendario!A149",CHOOSE(MONTH($J$149),"Gen","Feb","Mar","Apr","Mag","Giu","Lug","Ago","Set","Ott","Nov","Dic")&" "&TEXT(MOD(YEAR($J$149),100),"00")) -> Lug 27 | D12: =HYPERLINK("#Calendario!A164",CHOOSE(MONTH($J$164),"Gen","Feb","Mar","Apr","Mag","Giu","Lug","Ago","Set","Ott","Nov","Dic")&" "&TEXT(MOD(YEAR($J$164),100),"00")) -> Ago 27 | E12: =HYPERLINK("#Calendario!A179",CHOOSE(MONTH($J$179),"Gen","Feb","Mar","Apr","Mag","Giu","Lug","Ago","Set","Ott","Nov","Dic")&" "&TEXT(MOD(YEAR($J$179),100),"00")) -> Set 27
A14: =CHOOSE(MONTH($J14),"GENNAIO","FEBBRAIO","MARZO","APRILE","MAGGIO","GIUGNO","LUGLIO","AGOSTO","SETTEMBRE","OTTOBRE","NOVEMBRE","DICEMBRE")&" "&YEAR($J14) -> OTTOBRE 2026 | J14: =Impostazioni!$B$11 -> 46296
A15: L | B15: M | C15: M | D15: G | E15: V | F15: S | G15: D
A16: =IF(MONTH($J$14-WEEKDAY($J$14,2)+1)=MONTH($J$14),$J$14-WEEKDAY($J$14,2)+1,"") | B16: =IF(MONTH($J$14-WEEKDAY($J$14,2)+2)=MONTH($J$14),$J$14-WEEKDAY($J$14,2)+2,"") | C16: =IF(MONTH($J$14-WEEKDAY($J$14,2)+3)=MONTH($J$14),$J$14-WEEKDAY($J$14,2)+3,"") | D16: =IF(MONTH($J$14-WEEKDAY($J$14,2)+4)=MONTH($J$14),$J$14-WEEKDAY($J$14,2)+4,"") -> 46296 | E16: =IF(MONTH($J$14-WEEKDAY($J$14,2)+5)=MONTH($J$14),$J$14-WEEKDAY($J$14,2)+5,"") -> 46297 | F16: =IF(MONTH($J$14-WEEKDAY($J$14,2)+6)=MONTH($J$14),$J$14-WEEKDAY($J$14,2)+6,"") -> 46298 | G16: =IF(MONTH($J$14-WEEKDAY($J$14,2)+7)=MONTH($J$14),$J$14-WEEKDAY($J$14,2)+7,"") -> 46299 | K16: =IF(A16="","",INDEX(Giorni!$M$2:$M$367,A16-Giorni!$A$2+1)) | L16: =IF(B16="","",INDEX(Giorni!$M$2:$M$367,B16-Giorni!$A$2+1)) | M16: =IF(C16="","",INDEX(Giorni!$M$2:$M$367,C16-Giorni!$A$2+1)) | N16: =IF(D16="","",INDEX(Giorni!$M$2:$M$367,D16-Giorni!$A$2+1)) -> 0 | O16: =IF(E16="","",INDEX(Giorni!$M$2:$M$367,E16-Giorni!$A$2+1)) -> 0 | P16: =IF(F16="","",INDEX(Giorni!$M$2:$M$367,F16-Giorni!$A$2+1)) -> 1 | Q16: =IF(G16="","",INDEX(Giorni!$M$2:$M$367,G16-Giorni!$A$2+1)) -> 1
A18: =IF(MONTH($J$14-WEEKDAY($J$14,2)+8)=MONTH($J$14),$J$14-WEEKDAY($J$14,2)+8,"") -> 46300 | B18: =IF(MONTH($J$14-WEEKDAY($J$14,2)+9)=MONTH($J$14),$J$14-WEEKDAY($J$14,2)+9,"") -> 46301 | C18: =IF(MONTH($J$14-WEEKDAY($J$14,2)+10)=MONTH($J$14),$J$14-WEEKDAY($J$14,2)+10,"") -> 46302 | D18: =IF(MONTH($J$14-WEEKDAY($J$14,2)+11)=MONTH($J$14),$J$14-WEEKDAY($J$14,2)+11,"") -> 46303 | E18: =IF(MONTH($J$14-WEEKDAY($J$14,2)+12)=MONTH($J$14),$J$14-WEEKDAY($J$14,2)+12,"") -> 46304 | F18: =IF(MONTH($J$14-WEEKDAY($J$14,2)+13)=MONTH($J$14),$J$14-WEEKDAY($J$14,2)+13,"") -> 46305 | G18: =IF(MONTH($J$14-WEEKDAY($J$14,2)+14)=MONTH($J$14),$J$14-WEEKDAY($J$14,2)+14,"") -> 46306 | K18: =IF(A18="","",INDEX(Giorni!$M$2:$M$367,A18-Giorni!$A$2+1)) -> 0 | L18: =IF(B18="","",INDEX(Giorni!$M$2:$M$367,B18-Giorni!$A$2+1)) -> 0 | M18: =IF(C18="","",INDEX(Giorni!$M$2:$M$367,C18-Giorni!$A$2+1)) -> 0 | N18: =IF(D18="","",INDEX(Giorni!$M$2:$M$367,D18-Giorni!$A$2+1)) -> 0 | O18: =IF(E18="","",INDEX(Giorni!$M$2:$M$367,E18-Giorni!$A$2+1)) -> 0 | P18: =IF(F18="","",INDEX(Giorni!$M$2:$M$367,F18-Giorni!$A$2+1)) -> 1 | Q18: =IF(G18="","",INDEX(Giorni!$M$2:$M$367,G18-Giorni!$A$2+1)) -> 1
A20: =IF(MONTH($J$14-WEEKDAY($J$14,2)+15)=MONTH($J$14),$J$14-WEEKDAY($J$14,2)+15,"") -> 46307 | B20: =IF(MONTH($J$14-WEEKDAY($J$14,2)+16)=MONTH($J$14),$J$14-WEEKDAY($J$14,2)+16,"") -> 46308 | C20: =IF(MONTH($J$14-WEEKDAY($J$14,2)+17)=MONTH($J$14),$J$14-WEEKDAY($J$14,2)+17,"") -> 46309 | D20: =IF(MONTH($J$14-WEEKDAY($J$14,2)+18)=MONTH($J$14),$J$14-WEEKDAY($J$14,2)+18,"") -> 46310 | E20: =IF(MONTH($J$14-WEEKDAY($J$14,2)+19)=MONTH($J$14),$J$14-WEEKDAY($J$14,2)+19,"") -> 46311 | F20: =IF(MONTH($J$14-WEEKDAY($J$14,2)+20)=MONTH($J$14),$J$14-WEEKDAY($J$14,2)+20,"") -> 46312 | G20: =IF(MONTH($J$14-WEEKDAY($J$14,2)+21)=MONTH($J$14),$J$14-WEEKDAY($J$14,2)+21,"") -> 46313 | K20: =IF(A20="","",INDEX(Giorni!$M$2:$M$367,A20-Giorni!$A$2+1)) -> 0 | L20: =IF(B20="","",INDEX(Giorni!$M$2:$M$367,B20-Giorni!$A$2+1)) -> 0 | M20: =IF(C20="","",INDEX(Giorni!$M$2:$M$367,C20-Giorni!$A$2+1)) -> 0 | N20: =IF(D20="","",INDEX(Giorni!$M$2:$M$367,D20-Giorni!$A$2+1)) -> 0 | O20: =IF(E20="","",INDEX(Giorni!$M$2:$M$367,E20-Giorni!$A$2+1)) -> 0 | P20: =IF(F20="","",INDEX(Giorni!$M$2:$M$367,F20-Giorni!$A$2+1)) -> 1 | Q20: =IF(G20="","",INDEX(Giorni!$M$2:$M$367,G20-Giorni!$A$2+1)) -> 1
A22: =IF(MONTH($J$14-WEEKDAY($J$14,2)+22)=MONTH($J$14),$J$14-WEEKDAY($J$14,2)+22,"") -> 46314 | B22: =IF(MONTH($J$14-WEEKDAY($J$14,2)+23)=MONTH($J$14),$J$14-WEEKDAY($J$14,2)+23,"") -> 46315 | C22: =IF(MONTH($J$14-WEEKDAY($J$14,2)+24)=MONTH($J$14),$J$14-WEEKDAY($J$14,2)+24,"") -> 46316 | D22: =IF(MONTH($J$14-WEEKDAY($J$14,2)+25)=MONTH($J$14),$J$14-WEEKDAY($J$14,2)+25,"") -> 46317 | E22: =IF(MONTH($J$14-WEEKDAY($J$14,2)+26)=MONTH($J$14),$J$14-WEEKDAY($J$14,2)+26,"") -> 46318 | F22: =IF(MONTH($J$14-WEEKDAY($J$14,2)+27)=MONTH($J$14),$J$14-WEEKDAY($J$14,2)+27,"") -> 46319 | G22: =IF(MONTH($J$14-WEEKDAY($J$14,2)+28)=MONTH($J$14),$J$14-WEEKDAY($J$14,2)+28,"") -> 46320 | K22: =IF(A22="","",INDEX(Giorni!$M$2:$M$367,A22-Giorni!$A$2+1)) -> 0 | L22: =IF(B22="","",INDEX(Giorni!$M$2:$M$367,B22-Giorni!$A$2+1)) -> 0 | M22: =IF(C22="","",INDEX(Giorni!$M$2:$M$367,C22-Giorni!$A$2+1)) -> 0 | N22: =IF(D22="","",INDEX(Giorni!$M$2:$M$367,D22-Giorni!$A$2+1)) -> 0 | O22: =IF(E22="","",INDEX(Giorni!$M$2:$M$367,E22-Giorni!$A$2+1)) -> 0 | P22: =IF(F22="","",INDEX(Giorni!$M$2:$M$367,F22-Giorni!$A$2+1)) -> 1 | Q22: =IF(G22="","",INDEX(Giorni!$M$2:$M$367,G22-Giorni!$A$2+1)) -> 1
A24: =IF(MONTH($J$14-WEEKDAY($J$14,2)+29)=MONTH($J$14),$J$14-WEEKDAY($J$14,2)+29,"") -> 46321 | B24: =IF(MONTH($J$14-WEEKDAY($J$14,2)+30)=MONTH($J$14),$J$14-WEEKDAY($J$14,2)+30,"") -> 46322 | C24: =IF(MONTH($J$14-WEEKDAY($J$14,2)+31)=MONTH($J$14),$J$14-WEEKDAY($J$14,2)+31,"") -> 46323 | D24: =IF(MONTH($J$14-WEEKDAY($J$14,2)+32)=MONTH($J$14),$J$14-WEEKDAY($J$14,2)+32,"") -> 46324 | E24: =IF(MONTH($J$14-WEEKDAY($J$14,2)+33)=MONTH($J$14),$J$14-WEEKDAY($J$14,2)+33,"") -> 46325 | F24: =IF(MONTH($J$14-WEEKDAY($J$14,2)+34)=MONTH($J$14),$J$14-WEEKDAY($J$14,2)+34,"") -> 46326 | G24: =IF(MONTH($J$14-WEEKDAY($J$14,2)+35)=MONTH($J$14),$J$14-WEEKDAY($J$14,2)+35,"") | K24: =IF(A24="","",INDEX(Giorni!$M$2:$M$367,A24-Giorni!$A$2+1)) -> 0 | L24: =IF(B24="","",INDEX(Giorni!$M$2:$M$367,B24-Giorni!$A$2+1)) -> 0 | M24: =IF(C24="","",INDEX(Giorni!$M$2:$M$367,C24-Giorni!$A$2+1)) -> 0 | N24: =IF(D24="","",INDEX(Giorni!$M$2:$M$367,D24-Giorni!$A$2+1)) -> 0 | O24: =IF(E24="","",INDEX(Giorni!$M$2:$M$367,E24-Giorni!$A$2+1)) -> 0 | P24: =IF(F24="","",INDEX(Giorni!$M$2:$M$367,F24-Giorni!$A$2+1)) -> 1 | Q24: =IF(G24="","",INDEX(Giorni!$M$2:$M$367,G24-Giorni!$A$2+1))
A26: =IF(MONTH($J$14-WEEKDAY($J$14,2)+36)=MONTH($J$14),$J$14-WEEKDAY($J$14,2)+36,"") | B26: =IF(MONTH($J$14-WEEKDAY($J$14,2)+37)=MONTH($J$14),$J$14-WEEKDAY($J$14,2)+37,"") | C26: =IF(MONTH($J$14-WEEKDAY($J$14,2)+38)=MONTH($J$14),$J$14-WEEKDAY($J$14,2)+38,"") | D26: =IF(MONTH($J$14-WEEKDAY($J$14,2)+39)=MONTH($J$14),$J$14-WEEKDAY($J$14,2)+39,"") | E26: =IF(MONTH($J$14-WEEKDAY($J$14,2)+40)=MONTH($J$14),$J$14-WEEKDAY($J$14,2)+40,"") | F26: =IF(MONTH($J$14-WEEKDAY($J$14,2)+41)=MONTH($J$14),$J$14-WEEKDAY($J$14,2)+41,"") | G26: =IF(MONTH($J$14-WEEKDAY($J$14,2)+42)=MONTH($J$14),$J$14-WEEKDAY($J$14,2)+42,"") | K26: =IF(A26="","",INDEX(Giorni!$M$2:$M$367,A26-Giorni!$A$2+1)) | L26: =IF(B26="","",INDEX(Giorni!$M$2:$M$367,B26-Giorni!$A$2+1)) | M26: =IF(C26="","",INDEX(Giorni!$M$2:$M$367,C26-Giorni!$A$2+1)) | N26: =IF(D26="","",INDEX(Giorni!$M$2:$M$367,D26-Giorni!$A$2+1)) | O26: =IF(E26="","",INDEX(Giorni!$M$2:$M$367,E26-Giorni!$A$2+1)) | P26: =IF(F26="","",INDEX(Giorni!$M$2:$M$367,F26-Giorni!$A$2+1)) | Q26: =IF(G26="","",INDEX(Giorni!$M$2:$M$367,G26-Giorni!$A$2+1))
A29: =CHOOSE(MONTH($J29),"GENNAIO","FEBBRAIO","MARZO","APRILE","MAGGIO","GIUGNO","LUGLIO","AGOSTO","SETTEMBRE","OTTOBRE","NOVEMBRE","DICEMBRE")&" "&YEAR($J29) -> NOVEMBRE 2026 | J29: =EDATE(J14,1) -> 46327
A30: L | B30: M | C30: M | D30: G | E30: V | F30: S | G30: D
A31: =IF(MONTH($J$29-WEEKDAY($J$29,2)+1)=MONTH($J$29),$J$29-WEEKDAY($J$29,2)+1,"") | B31: =IF(MONTH($J$29-WEEKDAY($J$29,2)+2)=MONTH($J$29),$J$29-WEEKDAY($J$29,2)+2,"") | C31: =IF(MONTH($J$29-WEEKDAY($J$29,2)+3)=MONTH($J$29),$J$29-WEEKDAY($J$29,2)+3,"") | D31: =IF(MONTH($J$29-WEEKDAY($J$29,2)+4)=MONTH($J$29),$J$29-WEEKDAY($J$29,2)+4,"") | E31: =IF(MONTH($J$29-WEEKDAY($J$29,2)+5)=MONTH($J$29),$J$29-WEEKDAY($J$29,2)+5,"") | F31: =IF(MONTH($J$29-WEEKDAY($J$29,2)+6)=MONTH($J$29),$J$29-WEEKDAY($J$29,2)+6,"") | G31: =IF(MONTH($J$29-WEEKDAY($J$29,2)+7)=MONTH($J$29),$J$29-WEEKDAY($J$29,2)+7,"") -> 46327 | K31: =IF(A31="","",INDEX(Giorni!$M$2:$M$367,A31-Giorni!$A$2+1)) | L31: =IF(B31="","",INDEX(Giorni!$M$2:$M$367,B31-Giorni!$A$2+1)) | M31: =IF(C31="","",INDEX(Giorni!$M$2:$M$367,C31-Giorni!$A$2+1)) | N31: =IF(D31="","",INDEX(Giorni!$M$2:$M$367,D31-Giorni!$A$2+1)) | O31: =IF(E31="","",INDEX(Giorni!$M$2:$M$367,E31-Giorni!$A$2+1)) | P31: =IF(F31="","",INDEX(Giorni!$M$2:$M$367,F31-Giorni!$A$2+1)) | Q31: =IF(G31="","",INDEX(Giorni!$M$2:$M$367,G31-Giorni!$A$2+1)) -> 2
A33: =IF(MONTH($J$29-WEEKDAY($J$29,2)+8)=MONTH($J$29),$J$29-WEEKDAY($J$29,2)+8,"") -> 46328 | B33: =IF(MONTH($J$29-WEEKDAY($J$29,2)+9)=MONTH($J$29),$J$29-WEEKDAY($J$29,2)+9,"") -> 46329 | C33: =IF(MONTH($J$29-WEEKDAY($J$29,2)+10)=MONTH($J$29),$J$29-WEEKDAY($J$29,2)+10,"") -> 46330 | D33: =IF(MONTH($J$29-WEEKDAY($J$29,2)+11)=MONTH($J$29),$J$29-WEEKDAY($J$29,2)+11,"") -> 46331 | E33: =IF(MONTH($J$29-WEEKDAY($J$29,2)+12)=MONTH($J$29),$J$29-WEEKDAY($J$29,2)+12,"") -> 46332 | F33: =IF(MONTH($J$29-WEEKDAY($J$29,2)+13)=MONTH($J$29),$J$29-WEEKDAY($J$29,2)+13,"") -> 46333 | G33: =IF(MONTH($J$29-WEEKDAY($J$29,2)+14)=MONTH($J$29),$J$29-WEEKDAY($J$29,2)+14,"") -> 46334 | K33: =IF(A33="","",INDEX(Giorni!$M$2:$M$367,A33-Giorni!$A$2+1)) -> 0 | L33: =IF(B33="","",INDEX(Giorni!$M$2:$M$367,B33-Giorni!$A$2+1)) -> 0 | M33: =IF(C33="","",INDEX(Giorni!$M$2:$M$367,C33-Giorni!$A$2+1)) -> 0 | N33: =IF(D33="","",INDEX(Giorni!$M$2:$M$367,D33-Giorni!$A$2+1)) -> 0 | O33: =IF(E33="","",INDEX(Giorni!$M$2:$M$367,E33-Giorni!$A$2+1)) -> 0 | P33: =IF(F33="","",INDEX(Giorni!$M$2:$M$367,F33-Giorni!$A$2+1)) -> 1 | Q33: =IF(G33="","",INDEX(Giorni!$M$2:$M$367,G33-Giorni!$A$2+1)) -> 1
A35: =IF(MONTH($J$29-WEEKDAY($J$29,2)+15)=MONTH($J$29),$J$29-WEEKDAY($J$29,2)+15,"") -> 46335 | B35: =IF(MONTH($J$29-WEEKDAY($J$29,2)+16)=MONTH($J$29),$J$29-WEEKDAY($J$29,2)+16,"") -> 46336 | C35: =IF(MONTH($J$29-WEEKDAY($J$29,2)+17)=MONTH($J$29),$J$29-WEEKDAY($J$29,2)+17,"") -> 46337 | D35: =IF(MONTH($J$29-WEEKDAY($J$29,2)+18)=MONTH($J$29),$J$29-WEEKDAY($J$29,2)+18,"") -> 46338 | E35: =IF(MONTH($J$29-WEEKDAY($J$29,2)+19)=MONTH($J$29),$J$29-WEEKDAY($J$29,2)+19,"") -> 46339 | F35: =IF(MONTH($J$29-WEEKDAY($J$29,2)+20)=MONTH($J$29),$J$29-WEEKDAY($J$29,2)+20,"") -> 46340 | G35: =IF(MONTH($J$29-WEEKDAY($J$29,2)+21)=MONTH($J$29),$J$29-WEEKDAY($J$29,2)+21,"") -> 46341 | K35: =IF(A35="","",INDEX(Giorni!$M$2:$M$367,A35-Giorni!$A$2+1)) -> 0 | L35: =IF(B35="","",INDEX(Giorni!$M$2:$M$367,B35-Giorni!$A$2+1)) -> 0 | M35: =IF(C35="","",INDEX(Giorni!$M$2:$M$367,C35-Giorni!$A$2+1)) -> 0 | N35: =IF(D35="","",INDEX(Giorni!$M$2:$M$367,D35-Giorni!$A$2+1)) -> 0 | O35: =IF(E35="","",INDEX(Giorni!$M$2:$M$367,E35-Giorni!$A$2+1)) -> 0 | P35: =IF(F35="","",INDEX(Giorni!$M$2:$M$367,F35-Giorni!$A$2+1)) -> 1 | Q35: =IF(G35="","",INDEX(Giorni!$M$2:$M$367,G35-Giorni!$A$2+1)) -> 1
A37: =IF(MONTH($J$29-WEEKDAY($J$29,2)+22)=MONTH($J$29),$J$29-WEEKDAY($J$29,2)+22,"") -> 46342 | B37: =IF(MONTH($J$29-WEEKDAY($J$29,2)+23)=MONTH($J$29),$J$29-WEEKDAY($J$29,2)+23,"") -> 46343 | C37: =IF(MONTH($J$29-WEEKDAY($J$29,2)+24)=MONTH($J$29),$J$29-WEEKDAY($J$29,2)+24,"") -> 46344 | D37: =IF(MONTH($J$29-WEEKDAY($J$29,2)+25)=MONTH($J$29),$J$29-WEEKDAY($J$29,2)+25,"") -> 46345 | E37: =IF(MONTH($J$29-WEEKDAY($J$29,2)+26)=MONTH($J$29),$J$29-WEEKDAY($J$29,2)+26,"") -> 46346 | F37: =IF(MONTH($J$29-WEEKDAY($J$29,2)+27)=MONTH($J$29),$J$29-WEEKDAY($J$29,2)+27,"") -> 46347 | G37: =IF(MONTH($J$29-WEEKDAY($J$29,2)+28)=MONTH($J$29),$J$29-WEEKDAY($J$29,2)+28,"") -> 46348 | K37: =IF(A37="","",INDEX(Giorni!$M$2:$M$367,A37-Giorni!$A$2+1)) -> 0 | L37: =IF(B37="","",INDEX(Giorni!$M$2:$M$367,B37-Giorni!$A$2+1)) -> 0 | M37: =IF(C37="","",INDEX(Giorni!$M$2:$M$367,C37-Giorni!$A$2+1)) -> 0 | N37: =IF(D37="","",INDEX(Giorni!$M$2:$M$367,D37-Giorni!$A$2+1)) -> 0 | O37: =IF(E37="","",INDEX(Giorni!$M$2:$M$367,E37-Giorni!$A$2+1)) -> 0 | P37: =IF(F37="","",INDEX(Giorni!$M$2:$M$367,F37-Giorni!$A$2+1)) -> 1 | Q37: =IF(G37="","",INDEX(Giorni!$M$2:$M$367,G37-Giorni!$A$2+1)) -> 1
A39: =IF(MONTH($J$29-WEEKDAY($J$29,2)+29)=MONTH($J$29),$J$29-WEEKDAY($J$29,2)+29,"") -> 46349 | B39: =IF(MONTH($J$29-WEEKDAY($J$29,2)+30)=MONTH($J$29),$J$29-WEEKDAY($J$29,2)+30,"") -> 46350 | C39: =IF(MONTH($J$29-WEEKDAY($J$29,2)+31)=MONTH($J$29),$J$29-WEEKDAY($J$29,2)+31,"") -> 46351 | D39: =IF(MONTH($J$29-WEEKDAY($J$29,2)+32)=MONTH($J$29),$J$29-WEEKDAY($J$29,2)+32,"") -> 46352 | E39: =IF(MONTH($J$29-WEEKDAY($J$29,2)+33)=MONTH($J$29),$J$29-WEEKDAY($J$29,2)+33,"") -> 46353 | F39: =IF(MONTH($J$29-WEEKDAY($J$29,2)+34)=MONTH($J$29),$J$29-WEEKDAY($J$29,2)+34,"") -> 46354 | G39: =IF(MONTH($J$29-WEEKDAY($J$29,2)+35)=MONTH($J$29),$J$29-WEEKDAY($J$29,2)+35,"") -> 46355 | K39: =IF(A39="","",INDEX(Giorni!$M$2:$M$367,A39-Giorni!$A$2+1)) -> 0 | L39: =IF(B39="","",INDEX(Giorni!$M$2:$M$367,B39-Giorni!$A$2+1)) -> 0 | M39: =IF(C39="","",INDEX(Giorni!$M$2:$M$367,C39-Giorni!$A$2+1)) -> 0 | N39: =IF(D39="","",INDEX(Giorni!$M$2:$M$367,D39-Giorni!$A$2+1)) -> 0 | O39: =IF(E39="","",INDEX(Giorni!$M$2:$M$367,E39-Giorni!$A$2+1)) -> 0 | P39: =IF(F39="","",INDEX(Giorni!$M$2:$M$367,F39-Giorni!$A$2+1)) -> 1 | Q39: =IF(G39="","",INDEX(Giorni!$M$2:$M$367,G39-Giorni!$A$2+1)) -> 1
A41: =IF(MONTH($J$29-WEEKDAY($J$29,2)+36)=MONTH($J$29),$J$29-WEEKDAY($J$29,2)+36,"") -> 46356 | B41: =IF(MONTH($J$29-WEEKDAY($J$29,2)+37)=MONTH($J$29),$J$29-WEEKDAY($J$29,2)+37,"") | C41: =IF(MONTH($J$29-WEEKDAY($J$29,2)+38)=MONTH($J$29),$J$29-WEEKDAY($J$29,2)+38,"") | D41: =IF(MONTH($J$29-WEEKDAY($J$29,2)+39)=MONTH($J$29),$J$29-WEEKDAY($J$29,2)+39,"") | E41: =IF(MONTH($J$29-WEEKDAY($J$29,2)+40)=MONTH($J$29),$J$29-WEEKDAY($J$29,2)+40,"") | F41: =IF(MONTH($J$29-WEEKDAY($J$29,2)+41)=MONTH($J$29),$J$29-WEEKDAY($J$29,2)+41,"") | G41: =IF(MONTH($J$29-WEEKDAY($J$29,2)+42)=MONTH($J$29),$J$29-WEEKDAY($J$29,2)+42,"") | K41: =IF(A41="","",INDEX(Giorni!$M$2:$M$367,A41-Giorni!$A$2+1)) -> 0 | L41: =IF(B41="","",INDEX(Giorni!$M$2:$M$367,B41-Giorni!$A$2+1)) | M41: =IF(C41="","",INDEX(Giorni!$M$2:$M$367,C41-Giorni!$A$2+1)) | N41: =IF(D41="","",INDEX(Giorni!$M$2:$M$367,D41-Giorni!$A$2+1)) | O41: =IF(E41="","",INDEX(Giorni!$M$2:$M$367,E41-Giorni!$A$2+1)) | P41: =IF(F41="","",INDEX(Giorni!$M$2:$M$367,F41-Giorni!$A$2+1)) | Q41: =IF(G41="","",INDEX(Giorni!$M$2:$M$367,G41-Giorni!$A$2+1))
A44: =CHOOSE(MONTH($J44),"GENNAIO","FEBBRAIO","MARZO","APRILE","MAGGIO","GIUGNO","LUGLIO","AGOSTO","SETTEMBRE","OTTOBRE","NOVEMBRE","DICEMBRE")&" "&YEAR($J44) -> DICEMBRE 2026 | J44: =EDATE(J29,1) -> 46357
A45: L | B45: M | C45: M | D45: G | E45: V | F45: S | G45: D
A46: =IF(MONTH($J$44-WEEKDAY($J$44,2)+1)=MONTH($J$44),$J$44-WEEKDAY($J$44,2)+1,"") | B46: =IF(MONTH($J$44-WEEKDAY($J$44,2)+2)=MONTH($J$44),$J$44-WEEKDAY($J$44,2)+2,"") -> 46357 | C46: =IF(MONTH($J$44-WEEKDAY($J$44,2)+3)=MONTH($J$44),$J$44-WEEKDAY($J$44,2)+3,"") -> 46358 | D46: =IF(MONTH($J$44-WEEKDAY($J$44,2)+4)=MONTH($J$44),$J$44-WEEKDAY($J$44,2)+4,"") -> 46359 | E46: =IF(MONTH($J$44-WEEKDAY($J$44,2)+5)=MONTH($J$44),$J$44-WEEKDAY($J$44,2)+5,"") -> 46360 | F46: =IF(MONTH($J$44-WEEKDAY($J$44,2)+6)=MONTH($J$44),$J$44-WEEKDAY($J$44,2)+6,"") -> 46361 | G46: =IF(MONTH($J$44-WEEKDAY($J$44,2)+7)=MONTH($J$44),$J$44-WEEKDAY($J$44,2)+7,"") -> 46362 | K46: =IF(A46="","",INDEX(Giorni!$M$2:$M$367,A46-Giorni!$A$2+1)) | L46: =IF(B46="","",INDEX(Giorni!$M$2:$M$367,B46-Giorni!$A$2+1)) -> 0 | M46: =IF(C46="","",INDEX(Giorni!$M$2:$M$367,C46-Giorni!$A$2+1)) -> 0 | N46: =IF(D46="","",INDEX(Giorni!$M$2:$M$367,D46-Giorni!$A$2+1)) -> 0 | O46: =IF(E46="","",INDEX(Giorni!$M$2:$M$367,E46-Giorni!$A$2+1)) -> 0 | P46: =IF(F46="","",INDEX(Giorni!$M$2:$M$367,F46-Giorni!$A$2+1)) -> 1 | Q46: =IF(G46="","",INDEX(Giorni!$M$2:$M$367,G46-Giorni!$A$2+1)) -> 1
A48: =IF(MONTH($J$44-WEEKDAY($J$44,2)+8)=MONTH($J$44),$J$44-WEEKDAY($J$44,2)+8,"") -> 46363 | B48: =IF(MONTH($J$44-WEEKDAY($J$44,2)+9)=MONTH($J$44),$J$44-WEEKDAY($J$44,2)+9,"") -> 46364 | C48: =IF(MONTH($J$44-WEEKDAY($J$44,2)+10)=MONTH($J$44),$J$44-WEEKDAY($J$44,2)+10,"") -> 46365 | D48: =IF(MONTH($J$44-WEEKDAY($J$44,2)+11)=MONTH($J$44),$J$44-WEEKDAY($J$44,2)+11,"") -> 46366 | E48: =IF(MONTH($J$44-WEEKDAY($J$44,2)+12)=MONTH($J$44),$J$44-WEEKDAY($J$44,2)+12,"") -> 46367 | F48: =IF(MONTH($J$44-WEEKDAY($J$44,2)+13)=MONTH($J$44),$J$44-WEEKDAY($J$44,2)+13,"") -> 46368 | G48: =IF(MONTH($J$44-WEEKDAY($J$44,2)+14)=MONTH($J$44),$J$44-WEEKDAY($J$44,2)+14,"") -> 46369 | K48: =IF(A48="","",INDEX(Giorni!$M$2:$M$367,A48-Giorni!$A$2+1)) -> 0 | L48: =IF(B48="","",INDEX(Giorni!$M$2:$M$367,B48-Giorni!$A$2+1)) -> 2 | M48: =IF(C48="","",INDEX(Giorni!$M$2:$M$367,C48-Giorni!$A$2+1)) -> 0 | N48: =IF(D48="","",INDEX(Giorni!$M$2:$M$367,D48-Giorni!$A$2+1)) -> 0 | O48: =IF(E48="","",INDEX(Giorni!$M$2:$M$367,E48-Giorni!$A$2+1)) -> 0 | P48: =IF(F48="","",INDEX(Giorni!$M$2:$M$367,F48-Giorni!$A$2+1)) -> 1 | Q48: =IF(G48="","",INDEX(Giorni!$M$2:$M$367,G48-Giorni!$A$2+1)) -> 1
A50: =IF(MONTH($J$44-WEEKDAY($J$44,2)+15)=MONTH($J$44),$J$44-WEEKDAY($J$44,2)+15,"") -> 46370 | B50: =IF(MONTH($J$44-WEEKDAY($J$44,2)+16)=MONTH($J$44),$J$44-WEEKDAY($J$44,2)+16,"") -> 46371 | C50: =IF(MONTH($J$44-WEEKDAY($J$44,2)+17)=MONTH($J$44),$J$44-WEEKDAY($J$44,2)+17,"") -> 46372 | D50: =IF(MONTH($J$44-WEEKDAY($J$44,2)+18)=MONTH($J$44),$J$44-WEEKDAY($J$44,2)+18,"") -> 46373 | E50: =IF(MONTH($J$44-WEEKDAY($J$44,2)+19)=MONTH($J$44),$J$44-WEEKDAY($J$44,2)+19,"") -> 46374 | F50: =IF(MONTH($J$44-WEEKDAY($J$44,2)+20)=MONTH($J$44),$J$44-WEEKDAY($J$44,2)+20,"") -> 46375 | G50: =IF(MONTH($J$44-WEEKDAY($J$44,2)+21)=MONTH($J$44),$J$44-WEEKDAY($J$44,2)+21,"") -> 46376 | K50: =IF(A50="","",INDEX(Giorni!$M$2:$M$367,A50-Giorni!$A$2+1)) -> 0 | L50: =IF(B50="","",INDEX(Giorni!$M$2:$M$367,B50-Giorni!$A$2+1)) -> 0 | M50: =IF(C50="","",INDEX(Giorni!$M$2:$M$367,C50-Giorni!$A$2+1)) -> 0 | N50: =IF(D50="","",INDEX(Giorni!$M$2:$M$367,D50-Giorni!$A$2+1)) -> 0 | O50: =IF(E50="","",INDEX(Giorni!$M$2:$M$367,E50-Giorni!$A$2+1)) -> 0 | P50: =IF(F50="","",INDEX(Giorni!$M$2:$M$367,F50-Giorni!$A$2+1)) -> 1 | Q50: =IF(G50="","",INDEX(Giorni!$M$2:$M$367,G50-Giorni!$A$2+1)) -> 1
A52: =IF(MONTH($J$44-WEEKDAY($J$44,2)+22)=MONTH($J$44),$J$44-WEEKDAY($J$44,2)+22,"") -> 46377 | B52: =IF(MONTH($J$44-WEEKDAY($J$44,2)+23)=MONTH($J$44),$J$44-WEEKDAY($J$44,2)+23,"") -> 46378 | C52: =IF(MONTH($J$44-WEEKDAY($J$44,2)+24)=MONTH($J$44),$J$44-WEEKDAY($J$44,2)+24,"") -> 46379 | D52: =IF(MONTH($J$44-WEEKDAY($J$44,2)+25)=MONTH($J$44),$J$44-WEEKDAY($J$44,2)+25,"") -> 46380 | E52: =IF(MONTH($J$44-WEEKDAY($J$44,2)+26)=MONTH($J$44),$J$44-WEEKDAY($J$44,2)+26,"") -> 46381 | F52: =IF(MONTH($J$44-WEEKDAY($J$44,2)+27)=MONTH($J$44),$J$44-WEEKDAY($J$44,2)+27,"") -> 46382 | G52: =IF(MONTH($J$44-WEEKDAY($J$44,2)+28)=MONTH($J$44),$J$44-WEEKDAY($J$44,2)+28,"") -> 46383 | K52: =IF(A52="","",INDEX(Giorni!$M$2:$M$367,A52-Giorni!$A$2+1)) -> 0 | L52: =IF(B52="","",INDEX(Giorni!$M$2:$M$367,B52-Giorni!$A$2+1)) -> 0 | M52: =IF(C52="","",INDEX(Giorni!$M$2:$M$367,C52-Giorni!$A$2+1)) -> 2 | N52: =IF(D52="","",INDEX(Giorni!$M$2:$M$367,D52-Giorni!$A$2+1)) -> 2 | O52: =IF(E52="","",INDEX(Giorni!$M$2:$M$367,E52-Giorni!$A$2+1)) -> 2 | P52: =IF(F52="","",INDEX(Giorni!$M$2:$M$367,F52-Giorni!$A$2+1)) -> 2 | Q52: =IF(G52="","",INDEX(Giorni!$M$2:$M$367,G52-Giorni!$A$2+1)) -> 2
A54: =IF(MONTH($J$44-WEEKDAY($J$44,2)+29)=MONTH($J$44),$J$44-WEEKDAY($J$44,2)+29,"") -> 46384 | B54: =IF(MONTH($J$44-WEEKDAY($J$44,2)+30)=MONTH($J$44),$J$44-WEEKDAY($J$44,2)+30,"") -> 46385 | C54: =IF(MONTH($J$44-WEEKDAY($J$44,2)+31)=MONTH($J$44),$J$44-WEEKDAY($J$44,2)+31,"") -> 46386 | D54: =IF(MONTH($J$44-WEEKDAY($J$44,2)+32)=MONTH($J$44),$J$44-WEEKDAY($J$44,2)+32,"") -> 46387 | E54: =IF(MONTH($J$44-WEEKDAY($J$44,2)+33)=MONTH($J$44),$J$44-WEEKDAY($J$44,2)+33,"") | F54: =IF(MONTH($J$44-WEEKDAY($J$44,2)+34)=MONTH($J$44),$J$44-WEEKDAY($J$44,2)+34,"") | G54: =IF(MONTH($J$44-WEEKDAY($J$44,2)+35)=MONTH($J$44),$J$44-WEEKDAY($J$44,2)+35,"") | K54: =IF(A54="","",INDEX(Giorni!$M$2:$M$367,A54-Giorni!$A$2+1)) -> 2 | L54: =IF(B54="","",INDEX(Giorni!$M$2:$M$367,B54-Giorni!$A$2+1)) -> 2 | M54: =IF(C54="","",INDEX(Giorni!$M$2:$M$367,C54-Giorni!$A$2+1)) -> 2 | N54: =IF(D54="","",INDEX(Giorni!$M$2:$M$367,D54-Giorni!$A$2+1)) -> 2 | O54: =IF(E54="","",INDEX(Giorni!$M$2:$M$367,E54-Giorni!$A$2+1)) | P54: =IF(F54="","",INDEX(Giorni!$M$2:$M$367,F54-Giorni!$A$2+1)) | Q54: =IF(G54="","",INDEX(Giorni!$M$2:$M$367,G54-Giorni!$A$2+1))
A56: =IF(MONTH($J$44-WEEKDAY($J$44,2)+36)=MONTH($J$44),$J$44-WEEKDAY($J$44,2)+36,"") | B56: =IF(MONTH($J$44-WEEKDAY($J$44,2)+37)=MONTH($J$44),$J$44-WEEKDAY($J$44,2)+37,"") | C56: =IF(MONTH($J$44-WEEKDAY($J$44,2)+38)=MONTH($J$44),$J$44-WEEKDAY($J$44,2)+38,"") | D56: =IF(MONTH($J$44-WEEKDAY($J$44,2)+39)=MONTH($J$44),$J$44-WEEKDAY($J$44,2)+39,"") | E56: =IF(MONTH($J$44-WEEKDAY($J$44,2)+40)=MONTH($J$44),$J$44-WEEKDAY($J$44,2)+40,"") | F56: =IF(MONTH($J$44-WEEKDAY($J$44,2)+41)=MONTH($J$44),$J$44-WEEKDAY($J$44,2)+41,"") | G56: =IF(MONTH($J$44-WEEKDAY($J$44,2)+42)=MONTH($J$44),$J$44-WEEKDAY($J$44,2)+42,"") | K56: =IF(A56="","",INDEX(Giorni!$M$2:$M$367,A56-Giorni!$A$2+1)) | L56: =IF(B56="","",INDEX(Giorni!$M$2:$M$367,B56-Giorni!$A$2+1)) | M56: =IF(C56="","",INDEX(Giorni!$M$2:$M$367,C56-Giorni!$A$2+1)) | N56: =IF(D56="","",INDEX(Giorni!$M$2:$M$367,D56-Giorni!$A$2+1)) | O56: =IF(E56="","",INDEX(Giorni!$M$2:$M$367,E56-Giorni!$A$2+1)) | P56: =IF(F56="","",INDEX(Giorni!$M$2:$M$367,F56-Giorni!$A$2+1)) | Q56: =IF(G56="","",INDEX(Giorni!$M$2:$M$367,G56-Giorni!$A$2+1))
A59: =CHOOSE(MONTH($J59),"GENNAIO","FEBBRAIO","MARZO","APRILE","MAGGIO","GIUGNO","LUGLIO","AGOSTO","SETTEMBRE","OTTOBRE","NOVEMBRE","DICEMBRE")&" "&YEAR($J59) -> GENNAIO 2027 | J59: =EDATE(J44,1) -> 46388
A60: L | B60: M | C60: M | D60: G | E60: V | F60: S | G60: D
A61: =IF(MONTH($J$59-WEEKDAY($J$59,2)+1)=MONTH($J$59),$J$59-WEEKDAY($J$59,2)+1,"") | B61: =IF(MONTH($J$59-WEEKDAY($J$59,2)+2)=MONTH($J$59),$J$59-WEEKDAY($J$59,2)+2,"") | C61: =IF(MONTH($J$59-WEEKDAY($J$59,2)+3)=MONTH($J$59),$J$59-WEEKDAY($J$59,2)+3,"") | D61: =IF(MONTH($J$59-WEEKDAY($J$59,2)+4)=MONTH($J$59),$J$59-WEEKDAY($J$59,2)+4,"") | E61: =IF(MONTH($J$59-WEEKDAY($J$59,2)+5)=MONTH($J$59),$J$59-WEEKDAY($J$59,2)+5,"") -> 46388 | F61: =IF(MONTH($J$59-WEEKDAY($J$59,2)+6)=MONTH($J$59),$J$59-WEEKDAY($J$59,2)+6,"") -> 46389 | G61: =IF(MONTH($J$59-WEEKDAY($J$59,2)+7)=MONTH($J$59),$J$59-WEEKDAY($J$59,2)+7,"") -> 46390 | K61: =IF(A61="","",INDEX(Giorni!$M$2:$M$367,A61-Giorni!$A$2+1)) | L61: =IF(B61="","",INDEX(Giorni!$M$2:$M$367,B61-Giorni!$A$2+1)) | M61: =IF(C61="","",INDEX(Giorni!$M$2:$M$367,C61-Giorni!$A$2+1)) | N61: =IF(D61="","",INDEX(Giorni!$M$2:$M$367,D61-Giorni!$A$2+1)) | O61: =IF(E61="","",INDEX(Giorni!$M$2:$M$367,E61-Giorni!$A$2+1)) -> 2 | P61: =IF(F61="","",INDEX(Giorni!$M$2:$M$367,F61-Giorni!$A$2+1)) -> 2 | Q61: =IF(G61="","",INDEX(Giorni!$M$2:$M$367,G61-Giorni!$A$2+1)) -> 2
A63: =IF(MONTH($J$59-WEEKDAY($J$59,2)+8)=MONTH($J$59),$J$59-WEEKDAY($J$59,2)+8,"") -> 46391 | B63: =IF(MONTH($J$59-WEEKDAY($J$59,2)+9)=MONTH($J$59),$J$59-WEEKDAY($J$59,2)+9,"") -> 46392 | C63: =IF(MONTH($J$59-WEEKDAY($J$59,2)+10)=MONTH($J$59),$J$59-WEEKDAY($J$59,2)+10,"") -> 46393 | D63: =IF(MONTH($J$59-WEEKDAY($J$59,2)+11)=MONTH($J$59),$J$59-WEEKDAY($J$59,2)+11,"") -> 46394 | E63: =IF(MONTH($J$59-WEEKDAY($J$59,2)+12)=MONTH($J$59),$J$59-WEEKDAY($J$59,2)+12,"") -> 46395 | F63: =IF(MONTH($J$59-WEEKDAY($J$59,2)+13)=MONTH($J$59),$J$59-WEEKDAY($J$59,2)+13,"") -> 46396 | G63: =IF(MONTH($J$59-WEEKDAY($J$59,2)+14)=MONTH($J$59),$J$59-WEEKDAY($J$59,2)+14,"") -> 46397 | K63: =IF(A63="","",INDEX(Giorni!$M$2:$M$367,A63-Giorni!$A$2+1)) -> 2 | L63: =IF(B63="","",INDEX(Giorni!$M$2:$M$367,B63-Giorni!$A$2+1)) -> 2 | M63: =IF(C63="","",INDEX(Giorni!$M$2:$M$367,C63-Giorni!$A$2+1)) -> 2 | N63: =IF(D63="","",INDEX(Giorni!$M$2:$M$367,D63-Giorni!$A$2+1)) -> 0 | O63: =IF(E63="","",INDEX(Giorni!$M$2:$M$367,E63-Giorni!$A$2+1)) -> 0 | P63: =IF(F63="","",INDEX(Giorni!$M$2:$M$367,F63-Giorni!$A$2+1)) -> 1 | Q63: =IF(G63="","",INDEX(Giorni!$M$2:$M$367,G63-Giorni!$A$2+1)) -> 1
A65: =IF(MONTH($J$59-WEEKDAY($J$59,2)+15)=MONTH($J$59),$J$59-WEEKDAY($J$59,2)+15,"") -> 46398 | B65: =IF(MONTH($J$59-WEEKDAY($J$59,2)+16)=MONTH($J$59),$J$59-WEEKDAY($J$59,2)+16,"") -> 46399 | C65: =IF(MONTH($J$59-WEEKDAY($J$59,2)+17)=MONTH($J$59),$J$59-WEEKDAY($J$59,2)+17,"") -> 46400 | D65: =IF(MONTH($J$59-WEEKDAY($J$59,2)+18)=MONTH($J$59),$J$59-WEEKDAY($J$59,2)+18,"") -> 46401 | E65: =IF(MONTH($J$59-WEEKDAY($J$59,2)+19)=MONTH($J$59),$J$59-WEEKDAY($J$59,2)+19,"") -> 46402 | F65: =IF(MONTH($J$59-WEEKDAY($J$59,2)+20)=MONTH($J$59),$J$59-WEEKDAY($J$59,2)+20,"") -> 46403 | G65: =IF(MONTH($J$59-WEEKDAY($J$59,2)+21)=MONTH($J$59),$J$59-WEEKDAY($J$59,2)+21,"") -> 46404 | K65: =IF(A65="","",INDEX(Giorni!$M$2:$M$367,A65-Giorni!$A$2+1)) -> 0 | L65: =IF(B65="","",INDEX(Giorni!$M$2:$M$367,B65-Giorni!$A$2+1)) -> 0 | M65: =IF(C65="","",INDEX(Giorni!$M$2:$M$367,C65-Giorni!$A$2+1)) -> 0 | N65: =IF(D65="","",INDEX(Giorni!$M$2:$M$367,D65-Giorni!$A$2+1)) -> 0 | O65: =IF(E65="","",INDEX(Giorni!$M$2:$M$367,E65-Giorni!$A$2+1)) -> 0 | P65: =IF(F65="","",INDEX(Giorni!$M$2:$M$367,F65-Giorni!$A$2+1)) -> 1 | Q65: =IF(G65="","",INDEX(Giorni!$M$2:$M$367,G65-Giorni!$A$2+1)) -> 1
A67: =IF(MONTH($J$59-WEEKDAY($J$59,2)+22)=MONTH($J$59),$J$59-WEEKDAY($J$59,2)+22,"") -> 46405 | B67: =IF(MONTH($J$59-WEEKDAY($J$59,2)+23)=MONTH($J$59),$J$59-WEEKDAY($J$59,2)+23,"") -> 46406 | C67: =IF(MONTH($J$59-WEEKDAY($J$59,2)+24)=MONTH($J$59),$J$59-WEEKDAY($J$59,2)+24,"") -> 46407 | D67: =IF(MONTH($J$59-WEEKDAY($J$59,2)+25)=MONTH($J$59),$J$59-WEEKDAY($J$59,2)+25,"") -> 46408 | E67: =IF(MONTH($J$59-WEEKDAY($J$59,2)+26)=MONTH($J$59),$J$59-WEEKDAY($J$59,2)+26,"") -> 46409 | F67: =IF(MONTH($J$59-WEEKDAY($J$59,2)+27)=MONTH($J$59),$J$59-WEEKDAY($J$59,2)+27,"") -> 46410 | G67: =IF(MONTH($J$59-WEEKDAY($J$59,2)+28)=MONTH($J$59),$J$59-WEEKDAY($J$59,2)+28,"") -> 46411 | K67: =IF(A67="","",INDEX(Giorni!$M$2:$M$367,A67-Giorni!$A$2+1)) -> 0 | L67: =IF(B67="","",INDEX(Giorni!$M$2:$M$367,B67-Giorni!$A$2+1)) -> 0 | M67: =IF(C67="","",INDEX(Giorni!$M$2:$M$367,C67-Giorni!$A$2+1)) -> 0 | N67: =IF(D67="","",INDEX(Giorni!$M$2:$M$367,D67-Giorni!$A$2+1)) -> 0 | O67: =IF(E67="","",INDEX(Giorni!$M$2:$M$367,E67-Giorni!$A$2+1)) -> 0 | P67: =IF(F67="","",INDEX(Giorni!$M$2:$M$367,F67-Giorni!$A$2+1)) -> 1 | Q67: =IF(G67="","",INDEX(Giorni!$M$2:$M$367,G67-Giorni!$A$2+1)) -> 1
A69: =IF(MONTH($J$59-WEEKDAY($J$59,2)+29)=MONTH($J$59),$J$59-WEEKDAY($J$59,2)+29,"") -> 46412 | B69: =IF(MONTH($J$59-WEEKDAY($J$59,2)+30)=MONTH($J$59),$J$59-WEEKDAY($J$59,2)+30,"") -> 46413 | C69: =IF(MONTH($J$59-WEEKDAY($J$59,2)+31)=MONTH($J$59),$J$59-WEEKDAY($J$59,2)+31,"") -> 46414 | D69: =IF(MONTH($J$59-WEEKDAY($J$59,2)+32)=MONTH($J$59),$J$59-WEEKDAY($J$59,2)+32,"") -> 46415 | E69: =IF(MONTH($J$59-WEEKDAY($J$59,2)+33)=MONTH($J$59),$J$59-WEEKDAY($J$59,2)+33,"") -> 46416 | F69: =IF(MONTH($J$59-WEEKDAY($J$59,2)+34)=MONTH($J$59),$J$59-WEEKDAY($J$59,2)+34,"") -> 46417 | G69: =IF(MONTH($J$59-WEEKDAY($J$59,2)+35)=MONTH($J$59),$J$59-WEEKDAY($J$59,2)+35,"") -> 46418 | K69: =IF(A69="","",INDEX(Giorni!$M$2:$M$367,A69-Giorni!$A$2+1)) -> 0 | L69: =IF(B69="","",INDEX(Giorni!$M$2:$M$367,B69-Giorni!$A$2+1)) -> 0 | M69: =IF(C69="","",INDEX(Giorni!$M$2:$M$367,C69-Giorni!$A$2+1)) -> 0 | N69: =IF(D69="","",INDEX(Giorni!$M$2:$M$367,D69-Giorni!$A$2+1)) -> 0 | O69: =IF(E69="","",INDEX(Giorni!$M$2:$M$367,E69-Giorni!$A$2+1)) -> 0 | P69: =IF(F69="","",INDEX(Giorni!$M$2:$M$367,F69-Giorni!$A$2+1)) -> 1 | Q69: =IF(G69="","",INDEX(Giorni!$M$2:$M$367,G69-Giorni!$A$2+1)) -> 1
A71: =IF(MONTH($J$59-WEEKDAY($J$59,2)+36)=MONTH($J$59),$J$59-WEEKDAY($J$59,2)+36,"") | B71: =IF(MONTH($J$59-WEEKDAY($J$59,2)+37)=MONTH($J$59),$J$59-WEEKDAY($J$59,2)+37,"") | C71: =IF(MONTH($J$59-WEEKDAY($J$59,2)+38)=MONTH($J$59),$J$59-WEEKDAY($J$59,2)+38,"") | D71: =IF(MONTH($J$59-WEEKDAY($J$59,2)+39)=MONTH($J$59),$J$59-WEEKDAY($J$59,2)+39,"") | E71: =IF(MONTH($J$59-WEEKDAY($J$59,2)+40)=MONTH($J$59),$J$59-WEEKDAY($J$59,2)+40,"") | F71: =IF(MONTH($J$59-WEEKDAY($J$59,2)+41)=MONTH($J$59),$J$59-WEEKDAY($J$59,2)+41,"") | G71: =IF(MONTH($J$59-WEEKDAY($J$59,2)+42)=MONTH($J$59),$J$59-WEEKDAY($J$59,2)+42,"") | K71: =IF(A71="","",INDEX(Giorni!$M$2:$M$367,A71-Giorni!$A$2+1)) | L71: =IF(B71="","",INDEX(Giorni!$M$2:$M$367,B71-Giorni!$A$2+1)) | M71: =IF(C71="","",INDEX(Giorni!$M$2:$M$367,C71-Giorni!$A$2+1)) | N71: =IF(D71="","",INDEX(Giorni!$M$2:$M$367,D71-Giorni!$A$2+1)) | O71: =IF(E71="","",INDEX(Giorni!$M$2:$M$367,E71-Giorni!$A$2+1)) | P71: =IF(F71="","",INDEX(Giorni!$M$2:$M$367,F71-Giorni!$A$2+1)) | Q71: =IF(G71="","",INDEX(Giorni!$M$2:$M$367,G71-Giorni!$A$2+1))
A74: =CHOOSE(MONTH($J74),"GENNAIO","FEBBRAIO","MARZO","APRILE","MAGGIO","GIUGNO","LUGLIO","AGOSTO","SETTEMBRE","OTTOBRE","NOVEMBRE","DICEMBRE")&" "&YEAR($J74) -> FEBBRAIO 2027 | J74: =EDATE(J59,1) -> 46419
A75: L | B75: M | C75: M | D75: G | E75: V | F75: S | G75: D
A76: =IF(MONTH($J$74-WEEKDAY($J$74,2)+1)=MONTH($J$74),$J$74-WEEKDAY($J$74,2)+1,"") -> 46419 | B76: =IF(MONTH($J$74-WEEKDAY($J$74,2)+2)=MONTH($J$74),$J$74-WEEKDAY($J$74,2)+2,"") -> 46420 | C76: =IF(MONTH($J$74-WEEKDAY($J$74,2)+3)=MONTH($J$74),$J$74-WEEKDAY($J$74,2)+3,"") -> 46421 | D76: =IF(MONTH($J$74-WEEKDAY($J$74,2)+4)=MONTH($J$74),$J$74-WEEKDAY($J$74,2)+4,"") -> 46422 | E76: =IF(MONTH($J$74-WEEKDAY($J$74,2)+5)=MONTH($J$74),$J$74-WEEKDAY($J$74,2)+5,"") -> 46423 | F76: =IF(MONTH($J$74-WEEKDAY($J$74,2)+6)=MONTH($J$74),$J$74-WEEKDAY($J$74,2)+6,"") -> 46424 | G76: =IF(MONTH($J$74-WEEKDAY($J$74,2)+7)=MONTH($J$74),$J$74-WEEKDAY($J$74,2)+7,"") -> 46425 | K76: =IF(A76="","",INDEX(Giorni!$M$2:$M$367,A76-Giorni!$A$2+1)) -> 0 | L76: =IF(B76="","",INDEX(Giorni!$M$2:$M$367,B76-Giorni!$A$2+1)) -> 0 | M76: =IF(C76="","",INDEX(Giorni!$M$2:$M$367,C76-Giorni!$A$2+1)) -> 0 | N76: =IF(D76="","",INDEX(Giorni!$M$2:$M$367,D76-Giorni!$A$2+1)) -> 0 | O76: =IF(E76="","",INDEX(Giorni!$M$2:$M$367,E76-Giorni!$A$2+1)) -> 0 | P76: =IF(F76="","",INDEX(Giorni!$M$2:$M$367,F76-Giorni!$A$2+1)) -> 1 | Q76: =IF(G76="","",INDEX(Giorni!$M$2:$M$367,G76-Giorni!$A$2+1)) -> 1
A78: =IF(MONTH($J$74-WEEKDAY($J$74,2)+8)=MONTH($J$74),$J$74-WEEKDAY($J$74,2)+8,"") -> 46426 | B78: =IF(MONTH($J$74-WEEKDAY($J$74,2)+9)=MONTH($J$74),$J$74-WEEKDAY($J$74,2)+9,"") -> 46427 | C78: =IF(MONTH($J$74-WEEKDAY($J$74,2)+10)=MONTH($J$74),$J$74-WEEKDAY($J$74,2)+10,"") -> 46428 | D78: =IF(MONTH($J$74-WEEKDAY($J$74,2)+11)=MONTH($J$74),$J$74-WEEKDAY($J$74,2)+11,"") -> 46429 | E78: =IF(MONTH($J$74-WEEKDAY($J$74,2)+12)=MONTH($J$74),$J$74-WEEKDAY($J$74,2)+12,"") -> 46430 | F78: =IF(MONTH($J$74-WEEKDAY($J$74,2)+13)=MONTH($J$74),$J$74-WEEKDAY($J$74,2)+13,"") -> 46431 | G78: =IF(MONTH($J$74-WEEKDAY($J$74,2)+14)=MONTH($J$74),$J$74-WEEKDAY($J$74,2)+14,"") -> 46432 | K78: =IF(A78="","",INDEX(Giorni!$M$2:$M$367,A78-Giorni!$A$2+1)) -> 0 | L78: =IF(B78="","",INDEX(Giorni!$M$2:$M$367,B78-Giorni!$A$2+1)) -> 0 | M78: =IF(C78="","",INDEX(Giorni!$M$2:$M$367,C78-Giorni!$A$2+1)) -> 0 | N78: =IF(D78="","",INDEX(Giorni!$M$2:$M$367,D78-Giorni!$A$2+1)) -> 0 | O78: =IF(E78="","",INDEX(Giorni!$M$2:$M$367,E78-Giorni!$A$2+1)) -> 0 | P78: =IF(F78="","",INDEX(Giorni!$M$2:$M$367,F78-Giorni!$A$2+1)) -> 1 | Q78: =IF(G78="","",INDEX(Giorni!$M$2:$M$367,G78-Giorni!$A$2+1)) -> 1
A80: =IF(MONTH($J$74-WEEKDAY($J$74,2)+15)=MONTH($J$74),$J$74-WEEKDAY($J$74,2)+15,"") -> 46433 | B80: =IF(MONTH($J$74-WEEKDAY($J$74,2)+16)=MONTH($J$74),$J$74-WEEKDAY($J$74,2)+16,"") -> 46434 | C80: =IF(MONTH($J$74-WEEKDAY($J$74,2)+17)=MONTH($J$74),$J$74-WEEKDAY($J$74,2)+17,"") -> 46435 | D80: =IF(MONTH($J$74-WEEKDAY($J$74,2)+18)=MONTH($J$74),$J$74-WEEKDAY($J$74,2)+18,"") -> 46436 | E80: =IF(MONTH($J$74-WEEKDAY($J$74,2)+19)=MONTH($J$74),$J$74-WEEKDAY($J$74,2)+19,"") -> 46437 | F80: =IF(MONTH($J$74-WEEKDAY($J$74,2)+20)=MONTH($J$74),$J$74-WEEKDAY($J$74,2)+20,"") -> 46438 | G80: =IF(MONTH($J$74-WEEKDAY($J$74,2)+21)=MONTH($J$74),$J$74-WEEKDAY($J$74,2)+21,"") -> 46439 | K80: =IF(A80="","",INDEX(Giorni!$M$2:$M$367,A80-Giorni!$A$2+1)) -> 0 | L80: =IF(B80="","",INDEX(Giorni!$M$2:$M$367,B80-Giorni!$A$2+1)) -> 0 | M80: =IF(C80="","",INDEX(Giorni!$M$2:$M$367,C80-Giorni!$A$2+1)) -> 0 | N80: =IF(D80="","",INDEX(Giorni!$M$2:$M$367,D80-Giorni!$A$2+1)) -> 0 | O80: =IF(E80="","",INDEX(Giorni!$M$2:$M$367,E80-Giorni!$A$2+1)) -> 0 | P80: =IF(F80="","",INDEX(Giorni!$M$2:$M$367,F80-Giorni!$A$2+1)) -> 1 | Q80: =IF(G80="","",INDEX(Giorni!$M$2:$M$367,G80-Giorni!$A$2+1)) -> 1
A82: =IF(MONTH($J$74-WEEKDAY($J$74,2)+22)=MONTH($J$74),$J$74-WEEKDAY($J$74,2)+22,"") -> 46440 | B82: =IF(MONTH($J$74-WEEKDAY($J$74,2)+23)=MONTH($J$74),$J$74-WEEKDAY($J$74,2)+23,"") -> 46441 | C82: =IF(MONTH($J$74-WEEKDAY($J$74,2)+24)=MONTH($J$74),$J$74-WEEKDAY($J$74,2)+24,"") -> 46442 | D82: =IF(MONTH($J$74-WEEKDAY($J$74,2)+25)=MONTH($J$74),$J$74-WEEKDAY($J$74,2)+25,"") -> 46443 | E82: =IF(MONTH($J$74-WEEKDAY($J$74,2)+26)=MONTH($J$74),$J$74-WEEKDAY($J$74,2)+26,"") -> 46444 | F82: =IF(MONTH($J$74-WEEKDAY($J$74,2)+27)=MONTH($J$74),$J$74-WEEKDAY($J$74,2)+27,"") -> 46445 | G82: =IF(MONTH($J$74-WEEKDAY($J$74,2)+28)=MONTH($J$74),$J$74-WEEKDAY($J$74,2)+28,"") -> 46446 | K82: =IF(A82="","",INDEX(Giorni!$M$2:$M$367,A82-Giorni!$A$2+1)) -> 0 | L82: =IF(B82="","",INDEX(Giorni!$M$2:$M$367,B82-Giorni!$A$2+1)) -> 0 | M82: =IF(C82="","",INDEX(Giorni!$M$2:$M$367,C82-Giorni!$A$2+1)) -> 0 | N82: =IF(D82="","",INDEX(Giorni!$M$2:$M$367,D82-Giorni!$A$2+1)) -> 0 | O82: =IF(E82="","",INDEX(Giorni!$M$2:$M$367,E82-Giorni!$A$2+1)) -> 0 | P82: =IF(F82="","",INDEX(Giorni!$M$2:$M$367,F82-Giorni!$A$2+1)) -> 1 | Q82: =IF(G82="","",INDEX(Giorni!$M$2:$M$367,G82-Giorni!$A$2+1)) -> 1
A84: =IF(MONTH($J$74-WEEKDAY($J$74,2)+29)=MONTH($J$74),$J$74-WEEKDAY($J$74,2)+29,"") | B84: =IF(MONTH($J$74-WEEKDAY($J$74,2)+30)=MONTH($J$74),$J$74-WEEKDAY($J$74,2)+30,"") | C84: =IF(MONTH($J$74-WEEKDAY($J$74,2)+31)=MONTH($J$74),$J$74-WEEKDAY($J$74,2)+31,"") | D84: =IF(MONTH($J$74-WEEKDAY($J$74,2)+32)=MONTH($J$74),$J$74-WEEKDAY($J$74,2)+32,"") | E84: =IF(MONTH($J$74-WEEKDAY($J$74,2)+33)=MONTH($J$74),$J$74-WEEKDAY($J$74,2)+33,"") | F84: =IF(MONTH($J$74-WEEKDAY($J$74,2)+34)=MONTH($J$74),$J$74-WEEKDAY($J$74,2)+34,"") | G84: =IF(MONTH($J$74-WEEKDAY($J$74,2)+35)=MONTH($J$74),$J$74-WEEKDAY($J$74,2)+35,"") | K84: =IF(A84="","",INDEX(Giorni!$M$2:$M$367,A84-Giorni!$A$2+1)) | L84: =IF(B84="","",INDEX(Giorni!$M$2:$M$367,B84-Giorni!$A$2+1)) | M84: =IF(C84="","",INDEX(Giorni!$M$2:$M$367,C84-Giorni!$A$2+1)) | N84: =IF(D84="","",INDEX(Giorni!$M$2:$M$367,D84-Giorni!$A$2+1)) | O84: =IF(E84="","",INDEX(Giorni!$M$2:$M$367,E84-Giorni!$A$2+1)) | P84: =IF(F84="","",INDEX(Giorni!$M$2:$M$367,F84-Giorni!$A$2+1)) | Q84: =IF(G84="","",INDEX(Giorni!$M$2:$M$367,G84-Giorni!$A$2+1))
A86: =IF(MONTH($J$74-WEEKDAY($J$74,2)+36)=MONTH($J$74),$J$74-WEEKDAY($J$74,2)+36,"") | B86: =IF(MONTH($J$74-WEEKDAY($J$74,2)+37)=MONTH($J$74),$J$74-WEEKDAY($J$74,2)+37,"") | C86: =IF(MONTH($J$74-WEEKDAY($J$74,2)+38)=MONTH($J$74),$J$74-WEEKDAY($J$74,2)+38,"") | D86: =IF(MONTH($J$74-WEEKDAY($J$74,2)+39)=MONTH($J$74),$J$74-WEEKDAY($J$74,2)+39,"") | E86: =IF(MONTH($J$74-WEEKDAY($J$74,2)+40)=MONTH($J$74),$J$74-WEEKDAY($J$74,2)+40,"") | F86: =IF(MONTH($J$74-WEEKDAY($J$74,2)+41)=MONTH($J$74),$J$74-WEEKDAY($J$74,2)+41,"") | G86: =IF(MONTH($J$74-WEEKDAY($J$74,2)+42)=MONTH($J$74),$J$74-WEEKDAY($J$74,2)+42,"") | K86: =IF(A86="","",INDEX(Giorni!$M$2:$M$367,A86-Giorni!$A$2+1)) | L86: =IF(B86="","",INDEX(Giorni!$M$2:$M$367,B86-Giorni!$A$2+1)) | M86: =IF(C86="","",INDEX(Giorni!$M$2:$M$367,C86-Giorni!$A$2+1)) | N86: =IF(D86="","",INDEX(Giorni!$M$2:$M$367,D86-Giorni!$A$2+1)) | O86: =IF(E86="","",INDEX(Giorni!$M$2:$M$367,E86-Giorni!$A$2+1)) | P86: =IF(F86="","",INDEX(Giorni!$M$2:$M$367,F86-Giorni!$A$2+1)) | Q86: =IF(G86="","",INDEX(Giorni!$M$2:$M$367,G86-Giorni!$A$2+1))
A89: =CHOOSE(MONTH($J89),"GENNAIO","FEBBRAIO","MARZO","APRILE","MAGGIO","GIUGNO","LUGLIO","AGOSTO","SETTEMBRE","OTTOBRE","NOVEMBRE","DICEMBRE")&" "&YEAR($J89) -> MARZO 2027 | J89: =EDATE(J74,1) -> 46447
A90: L | B90: M | C90: M | D90: G | E90: V | F90: S | G90: D
A91: =IF(MONTH($J$89-WEEKDAY($J$89,2)+1)=MONTH($J$89),$J$89-WEEKDAY($J$89,2)+1,"") -> 46447 | B91: =IF(MONTH($J$89-WEEKDAY($J$89,2)+2)=MONTH($J$89),$J$89-WEEKDAY($J$89,2)+2,"") -> 46448 | C91: =IF(MONTH($J$89-WEEKDAY($J$89,2)+3)=MONTH($J$89),$J$89-WEEKDAY($J$89,2)+3,"") -> 46449 | D91: =IF(MONTH($J$89-WEEKDAY($J$89,2)+4)=MONTH($J$89),$J$89-WEEKDAY($J$89,2)+4,"") -> 46450 | E91: =IF(MONTH($J$89-WEEKDAY($J$89,2)+5)=MONTH($J$89),$J$89-WEEKDAY($J$89,2)+5,"") -> 46451 | F91: =IF(MONTH($J$89-WEEKDAY($J$89,2)+6)=MONTH($J$89),$J$89-WEEKDAY($J$89,2)+6,"") -> 46452 | G91: =IF(MONTH($J$89-WEEKDAY($J$89,2)+7)=MONTH($J$89),$J$89-WEEKDAY($J$89,2)+7,"") -> 46453 | K91: =IF(A91="","",INDEX(Giorni!$M$2:$M$367,A91-Giorni!$A$2+1)) -> 0 | L91: =IF(B91="","",INDEX(Giorni!$M$2:$M$367,B91-Giorni!$A$2+1)) -> 0 | M91: =IF(C91="","",INDEX(Giorni!$M$2:$M$367,C91-Giorni!$A$2+1)) -> 0 | N91: =IF(D91="","",INDEX(Giorni!$M$2:$M$367,D91-Giorni!$A$2+1)) -> 0 | O91: =IF(E91="","",INDEX(Giorni!$M$2:$M$367,E91-Giorni!$A$2+1)) -> 0 | P91: =IF(F91="","",INDEX(Giorni!$M$2:$M$367,F91-Giorni!$A$2+1)) -> 1 | Q91: =IF(G91="","",INDEX(Giorni!$M$2:$M$367,G91-Giorni!$A$2+1)) -> 1
A93: =IF(MONTH($J$89-WEEKDAY($J$89,2)+8)=MONTH($J$89),$J$89-WEEKDAY($J$89,2)+8,"") -> 46454 | B93: =IF(MONTH($J$89-WEEKDAY($J$89,2)+9)=MONTH($J$89),$J$89-WEEKDAY($J$89,2)+9,"") -> 46455 | C93: =IF(MONTH($J$89-WEEKDAY($J$89,2)+10)=MONTH($J$89),$J$89-WEEKDAY($J$89,2)+10,"") -> 46456 | D93: =IF(MONTH($J$89-WEEKDAY($J$89,2)+11)=MONTH($J$89),$J$89-WEEKDAY($J$89,2)+11,"") -> 46457 | E93: =IF(MONTH($J$89-WEEKDAY($J$89,2)+12)=MONTH($J$89),$J$89-WEEKDAY($J$89,2)+12,"") -> 46458 | F93: =IF(MONTH($J$89-WEEKDAY($J$89,2)+13)=MONTH($J$89),$J$89-WEEKDAY($J$89,2)+13,"") -> 46459 | G93: =IF(MONTH($J$89-WEEKDAY($J$89,2)+14)=MONTH($J$89),$J$89-WEEKDAY($J$89,2)+14,"") -> 46460 | K93: =IF(A93="","",INDEX(Giorni!$M$2:$M$367,A93-Giorni!$A$2+1)) -> 0 | L93: =IF(B93="","",INDEX(Giorni!$M$2:$M$367,B93-Giorni!$A$2+1)) -> 0 | M93: =IF(C93="","",INDEX(Giorni!$M$2:$M$367,C93-Giorni!$A$2+1)) -> 0 | N93: =IF(D93="","",INDEX(Giorni!$M$2:$M$367,D93-Giorni!$A$2+1)) -> 0 | O93: =IF(E93="","",INDEX(Giorni!$M$2:$M$367,E93-Giorni!$A$2+1)) -> 0 | P93: =IF(F93="","",INDEX(Giorni!$M$2:$M$367,F93-Giorni!$A$2+1)) -> 1 | Q93: =IF(G93="","",INDEX(Giorni!$M$2:$M$367,G93-Giorni!$A$2+1)) -> 1
A95: =IF(MONTH($J$89-WEEKDAY($J$89,2)+15)=MONTH($J$89),$J$89-WEEKDAY($J$89,2)+15,"") -> 46461 | B95: =IF(MONTH($J$89-WEEKDAY($J$89,2)+16)=MONTH($J$89),$J$89-WEEKDAY($J$89,2)+16,"") -> 46462 | C95: =IF(MONTH($J$89-WEEKDAY($J$89,2)+17)=MONTH($J$89),$J$89-WEEKDAY($J$89,2)+17,"") -> 46463 | D95: =IF(MONTH($J$89-WEEKDAY($J$89,2)+18)=MONTH($J$89),$J$89-WEEKDAY($J$89,2)+18,"") -> 46464 | E95: =IF(MONTH($J$89-WEEKDAY($J$89,2)+19)=MONTH($J$89),$J$89-WEEKDAY($J$89,2)+19,"") -> 46465 | F95: =IF(MONTH($J$89-WEEKDAY($J$89,2)+20)=MONTH($J$89),$J$89-WEEKDAY($J$89,2)+20,"") -> 46466 | G95: =IF(MONTH($J$89-WEEKDAY($J$89,2)+21)=MONTH($J$89),$J$89-WEEKDAY($J$89,2)+21,"") -> 46467 | K95: =IF(A95="","",INDEX(Giorni!$M$2:$M$367,A95-Giorni!$A$2+1)) -> 0 | L95: =IF(B95="","",INDEX(Giorni!$M$2:$M$367,B95-Giorni!$A$2+1)) -> 0 | M95: =IF(C95="","",INDEX(Giorni!$M$2:$M$367,C95-Giorni!$A$2+1)) -> 0 | N95: =IF(D95="","",INDEX(Giorni!$M$2:$M$367,D95-Giorni!$A$2+1)) -> 0 | O95: =IF(E95="","",INDEX(Giorni!$M$2:$M$367,E95-Giorni!$A$2+1)) -> 0 | P95: =IF(F95="","",INDEX(Giorni!$M$2:$M$367,F95-Giorni!$A$2+1)) -> 1 | Q95: =IF(G95="","",INDEX(Giorni!$M$2:$M$367,G95-Giorni!$A$2+1)) -> 1
A97: =IF(MONTH($J$89-WEEKDAY($J$89,2)+22)=MONTH($J$89),$J$89-WEEKDAY($J$89,2)+22,"") -> 46468 | B97: =IF(MONTH($J$89-WEEKDAY($J$89,2)+23)=MONTH($J$89),$J$89-WEEKDAY($J$89,2)+23,"") -> 46469 | C97: =IF(MONTH($J$89-WEEKDAY($J$89,2)+24)=MONTH($J$89),$J$89-WEEKDAY($J$89,2)+24,"") -> 46470 | D97: =IF(MONTH($J$89-WEEKDAY($J$89,2)+25)=MONTH($J$89),$J$89-WEEKDAY($J$89,2)+25,"") -> 46471 | E97: =IF(MONTH($J$89-WEEKDAY($J$89,2)+26)=MONTH($J$89),$J$89-WEEKDAY($J$89,2)+26,"") -> 46472 | F97: =IF(MONTH($J$89-WEEKDAY($J$89,2)+27)=MONTH($J$89),$J$89-WEEKDAY($J$89,2)+27,"") -> 46473 | G97: =IF(MONTH($J$89-WEEKDAY($J$89,2)+28)=MONTH($J$89),$J$89-WEEKDAY($J$89,2)+28,"") -> 46474 | K97: =IF(A97="","",INDEX(Giorni!$M$2:$M$367,A97-Giorni!$A$2+1)) -> 0 | L97: =IF(B97="","",INDEX(Giorni!$M$2:$M$367,B97-Giorni!$A$2+1)) -> 0 | M97: =IF(C97="","",INDEX(Giorni!$M$2:$M$367,C97-Giorni!$A$2+1)) -> 0 | N97: =IF(D97="","",INDEX(Giorni!$M$2:$M$367,D97-Giorni!$A$2+1)) -> 0 | O97: =IF(E97="","",INDEX(Giorni!$M$2:$M$367,E97-Giorni!$A$2+1)) -> 0 | P97: =IF(F97="","",INDEX(Giorni!$M$2:$M$367,F97-Giorni!$A$2+1)) -> 1 | Q97: =IF(G97="","",INDEX(Giorni!$M$2:$M$367,G97-Giorni!$A$2+1)) -> 2
A99: =IF(MONTH($J$89-WEEKDAY($J$89,2)+29)=MONTH($J$89),$J$89-WEEKDAY($J$89,2)+29,"") -> 46475 | B99: =IF(MONTH($J$89-WEEKDAY($J$89,2)+30)=MONTH($J$89),$J$89-WEEKDAY($J$89,2)+30,"") -> 46476 | C99: =IF(MONTH($J$89-WEEKDAY($J$89,2)+31)=MONTH($J$89),$J$89-WEEKDAY($J$89,2)+31,"") -> 46477 | D99: =IF(MONTH($J$89-WEEKDAY($J$89,2)+32)=MONTH($J$89),$J$89-WEEKDAY($J$89,2)+32,"") | E99: =IF(MONTH($J$89-WEEKDAY($J$89,2)+33)=MONTH($J$89),$J$89-WEEKDAY($J$89,2)+33,"") | F99: =IF(MONTH($J$89-WEEKDAY($J$89,2)+34)=MONTH($J$89),$J$89-WEEKDAY($J$89,2)+34,"") | G99: =IF(MONTH($J$89-WEEKDAY($J$89,2)+35)=MONTH($J$89),$J$89-WEEKDAY($J$89,2)+35,"") | K99: =IF(A99="","",INDEX(Giorni!$M$2:$M$367,A99-Giorni!$A$2+1)) -> 2 | L99: =IF(B99="","",INDEX(Giorni!$M$2:$M$367,B99-Giorni!$A$2+1)) -> 0 | M99: =IF(C99="","",INDEX(Giorni!$M$2:$M$367,C99-Giorni!$A$2+1)) -> 0 | N99: =IF(D99="","",INDEX(Giorni!$M$2:$M$367,D99-Giorni!$A$2+1)) | O99: =IF(E99="","",INDEX(Giorni!$M$2:$M$367,E99-Giorni!$A$2+1)) | P99: =IF(F99="","",INDEX(Giorni!$M$2:$M$367,F99-Giorni!$A$2+1)) | Q99: =IF(G99="","",INDEX(Giorni!$M$2:$M$367,G99-Giorni!$A$2+1))
A101: =IF(MONTH($J$89-WEEKDAY($J$89,2)+36)=MONTH($J$89),$J$89-WEEKDAY($J$89,2)+36,"") | B101: =IF(MONTH($J$89-WEEKDAY($J$89,2)+37)=MONTH($J$89),$J$89-WEEKDAY($J$89,2)+37,"") | C101: =IF(MONTH($J$89-WEEKDAY($J$89,2)+38)=MONTH($J$89),$J$89-WEEKDAY($J$89,2)+38,"") | D101: =IF(MONTH($J$89-WEEKDAY($J$89,2)+39)=MONTH($J$89),$J$89-WEEKDAY($J$89,2)+39,"") | E101: =IF(MONTH($J$89-WEEKDAY($J$89,2)+40)=MONTH($J$89),$J$89-WEEKDAY($J$89,2)+40,"") | F101: =IF(MONTH($J$89-WEEKDAY($J$89,2)+41)=MONTH($J$89),$J$89-WEEKDAY($J$89,2)+41,"") | G101: =IF(MONTH($J$89-WEEKDAY($J$89,2)+42)=MONTH($J$89),$J$89-WEEKDAY($J$89,2)+42,"") | K101: =IF(A101="","",INDEX(Giorni!$M$2:$M$367,A101-Giorni!$A$2+1)) | L101: =IF(B101="","",INDEX(Giorni!$M$2:$M$367,B101-Giorni!$A$2+1)) | M101: =IF(C101="","",INDEX(Giorni!$M$2:$M$367,C101-Giorni!$A$2+1)) | N101: =IF(D101="","",INDEX(Giorni!$M$2:$M$367,D101-Giorni!$A$2+1)) | O101: =IF(E101="","",INDEX(Giorni!$M$2:$M$367,E101-Giorni!$A$2+1)) | P101: =IF(F101="","",INDEX(Giorni!$M$2:$M$367,F101-Giorni!$A$2+1)) | Q101: =IF(G101="","",INDEX(Giorni!$M$2:$M$367,G101-Giorni!$A$2+1))
A104: =CHOOSE(MONTH($J104),"GENNAIO","FEBBRAIO","MARZO","APRILE","MAGGIO","GIUGNO","LUGLIO","AGOSTO","SETTEMBRE","OTTOBRE","NOVEMBRE","DICEMBRE")&" "&YEAR($J104) -> APRILE 2027 | J104: =EDATE(J89,1) -> 46478
A105: L | B105: M | C105: M | D105: G | E105: V | F105: S | G105: D
A106: =IF(MONTH($J$104-WEEKDAY($J$104,2)+1)=MONTH($J$104),$J$104-WEEKDAY($J$104,2)+1,"") | B106: =IF(MONTH($J$104-WEEKDAY($J$104,2)+2)=MONTH($J$104),$J$104-WEEKDAY($J$104,2)+2,"") | C106: =IF(MONTH($J$104-WEEKDAY($J$104,2)+3)=MONTH($J$104),$J$104-WEEKDAY($J$104,2)+3,"") | D106: =IF(MONTH($J$104-WEEKDAY($J$104,2)+4)=MONTH($J$104),$J$104-WEEKDAY($J$104,2)+4,"") -> 46478 | E106: =IF(MONTH($J$104-WEEKDAY($J$104,2)+5)=MONTH($J$104),$J$104-WEEKDAY($J$104,2)+5,"") -> 46479 | F106: =IF(MONTH($J$104-WEEKDAY($J$104,2)+6)=MONTH($J$104),$J$104-WEEKDAY($J$104,2)+6,"") -> 46480 | G106: =IF(MONTH($J$104-WEEKDAY($J$104,2)+7)=MONTH($J$104),$J$104-WEEKDAY($J$104,2)+7,"") -> 46481 | K106: =IF(A106="","",INDEX(Giorni!$M$2:$M$367,A106-Giorni!$A$2+1)) | L106: =IF(B106="","",INDEX(Giorni!$M$2:$M$367,B106-Giorni!$A$2+1)) | M106: =IF(C106="","",INDEX(Giorni!$M$2:$M$367,C106-Giorni!$A$2+1)) | N106: =IF(D106="","",INDEX(Giorni!$M$2:$M$367,D106-Giorni!$A$2+1)) -> 0 | O106: =IF(E106="","",INDEX(Giorni!$M$2:$M$367,E106-Giorni!$A$2+1)) -> 0 | P106: =IF(F106="","",INDEX(Giorni!$M$2:$M$367,F106-Giorni!$A$2+1)) -> 1 | Q106: =IF(G106="","",INDEX(Giorni!$M$2:$M$367,G106-Giorni!$A$2+1)) -> 1
A108: =IF(MONTH($J$104-WEEKDAY($J$104,2)+8)=MONTH($J$104),$J$104-WEEKDAY($J$104,2)+8,"") -> 46482 | B108: =IF(MONTH($J$104-WEEKDAY($J$104,2)+9)=MONTH($J$104),$J$104-WEEKDAY($J$104,2)+9,"") -> 46483 | C108: =IF(MONTH($J$104-WEEKDAY($J$104,2)+10)=MONTH($J$104),$J$104-WEEKDAY($J$104,2)+10,"") -> 46484 | D108: =IF(MONTH($J$104-WEEKDAY($J$104,2)+11)=MONTH($J$104),$J$104-WEEKDAY($J$104,2)+11,"") -> 46485 | E108: =IF(MONTH($J$104-WEEKDAY($J$104,2)+12)=MONTH($J$104),$J$104-WEEKDAY($J$104,2)+12,"") -> 46486 | F108: =IF(MONTH($J$104-WEEKDAY($J$104,2)+13)=MONTH($J$104),$J$104-WEEKDAY($J$104,2)+13,"") -> 46487 | G108: =IF(MONTH($J$104-WEEKDAY($J$104,2)+14)=MONTH($J$104),$J$104-WEEKDAY($J$104,2)+14,"") -> 46488 | K108: =IF(A108="","",INDEX(Giorni!$M$2:$M$367,A108-Giorni!$A$2+1)) -> 0 | L108: =IF(B108="","",INDEX(Giorni!$M$2:$M$367,B108-Giorni!$A$2+1)) -> 0 | M108: =IF(C108="","",INDEX(Giorni!$M$2:$M$367,C108-Giorni!$A$2+1)) -> 0 | N108: =IF(D108="","",INDEX(Giorni!$M$2:$M$367,D108-Giorni!$A$2+1)) -> 0 | O108: =IF(E108="","",INDEX(Giorni!$M$2:$M$367,E108-Giorni!$A$2+1)) -> 0 | P108: =IF(F108="","",INDEX(Giorni!$M$2:$M$367,F108-Giorni!$A$2+1)) -> 1 | Q108: =IF(G108="","",INDEX(Giorni!$M$2:$M$367,G108-Giorni!$A$2+1)) -> 1
A110: =IF(MONTH($J$104-WEEKDAY($J$104,2)+15)=MONTH($J$104),$J$104-WEEKDAY($J$104,2)+15,"") -> 46489 | B110: =IF(MONTH($J$104-WEEKDAY($J$104,2)+16)=MONTH($J$104),$J$104-WEEKDAY($J$104,2)+16,"") -> 46490 | C110: =IF(MONTH($J$104-WEEKDAY($J$104,2)+17)=MONTH($J$104),$J$104-WEEKDAY($J$104,2)+17,"") -> 46491 | D110: =IF(MONTH($J$104-WEEKDAY($J$104,2)+18)=MONTH($J$104),$J$104-WEEKDAY($J$104,2)+18,"") -> 46492 | E110: =IF(MONTH($J$104-WEEKDAY($J$104,2)+19)=MONTH($J$104),$J$104-WEEKDAY($J$104,2)+19,"") -> 46493 | F110: =IF(MONTH($J$104-WEEKDAY($J$104,2)+20)=MONTH($J$104),$J$104-WEEKDAY($J$104,2)+20,"") -> 46494 | G110: =IF(MONTH($J$104-WEEKDAY($J$104,2)+21)=MONTH($J$104),$J$104-WEEKDAY($J$104,2)+21,"") -> 46495 | K110: =IF(A110="","",INDEX(Giorni!$M$2:$M$367,A110-Giorni!$A$2+1)) -> 0 | L110: =IF(B110="","",INDEX(Giorni!$M$2:$M$367,B110-Giorni!$A$2+1)) -> 0 | M110: =IF(C110="","",INDEX(Giorni!$M$2:$M$367,C110-Giorni!$A$2+1)) -> 0 | N110: =IF(D110="","",INDEX(Giorni!$M$2:$M$367,D110-Giorni!$A$2+1)) -> 0 | O110: =IF(E110="","",INDEX(Giorni!$M$2:$M$367,E110-Giorni!$A$2+1)) -> 0 | P110: =IF(F110="","",INDEX(Giorni!$M$2:$M$367,F110-Giorni!$A$2+1)) -> 1 | Q110: =IF(G110="","",INDEX(Giorni!$M$2:$M$367,G110-Giorni!$A$2+1)) -> 1
A112: =IF(MONTH($J$104-WEEKDAY($J$104,2)+22)=MONTH($J$104),$J$104-WEEKDAY($J$104,2)+22,"") -> 46496 | B112: =IF(MONTH($J$104-WEEKDAY($J$104,2)+23)=MONTH($J$104),$J$104-WEEKDAY($J$104,2)+23,"") -> 46497 | C112: =IF(MONTH($J$104-WEEKDAY($J$104,2)+24)=MONTH($J$104),$J$104-WEEKDAY($J$104,2)+24,"") -> 46498 | D112: =IF(MONTH($J$104-WEEKDAY($J$104,2)+25)=MONTH($J$104),$J$104-WEEKDAY($J$104,2)+25,"") -> 46499 | E112: =IF(MONTH($J$104-WEEKDAY($J$104,2)+26)=MONTH($J$104),$J$104-WEEKDAY($J$104,2)+26,"") -> 46500 | F112: =IF(MONTH($J$104-WEEKDAY($J$104,2)+27)=MONTH($J$104),$J$104-WEEKDAY($J$104,2)+27,"") -> 46501 | G112: =IF(MONTH($J$104-WEEKDAY($J$104,2)+28)=MONTH($J$104),$J$104-WEEKDAY($J$104,2)+28,"") -> 46502 | K112: =IF(A112="","",INDEX(Giorni!$M$2:$M$367,A112-Giorni!$A$2+1)) -> 0 | L112: =IF(B112="","",INDEX(Giorni!$M$2:$M$367,B112-Giorni!$A$2+1)) -> 0 | M112: =IF(C112="","",INDEX(Giorni!$M$2:$M$367,C112-Giorni!$A$2+1)) -> 0 | N112: =IF(D112="","",INDEX(Giorni!$M$2:$M$367,D112-Giorni!$A$2+1)) -> 0 | O112: =IF(E112="","",INDEX(Giorni!$M$2:$M$367,E112-Giorni!$A$2+1)) -> 0 | P112: =IF(F112="","",INDEX(Giorni!$M$2:$M$367,F112-Giorni!$A$2+1)) -> 1 | Q112: =IF(G112="","",INDEX(Giorni!$M$2:$M$367,G112-Giorni!$A$2+1)) -> 2
A114: =IF(MONTH($J$104-WEEKDAY($J$104,2)+29)=MONTH($J$104),$J$104-WEEKDAY($J$104,2)+29,"") -> 46503 | B114: =IF(MONTH($J$104-WEEKDAY($J$104,2)+30)=MONTH($J$104),$J$104-WEEKDAY($J$104,2)+30,"") -> 46504 | C114: =IF(MONTH($J$104-WEEKDAY($J$104,2)+31)=MONTH($J$104),$J$104-WEEKDAY($J$104,2)+31,"") -> 46505 | D114: =IF(MONTH($J$104-WEEKDAY($J$104,2)+32)=MONTH($J$104),$J$104-WEEKDAY($J$104,2)+32,"") -> 46506 | E114: =IF(MONTH($J$104-WEEKDAY($J$104,2)+33)=MONTH($J$104),$J$104-WEEKDAY($J$104,2)+33,"") -> 46507 | F114: =IF(MONTH($J$104-WEEKDAY($J$104,2)+34)=MONTH($J$104),$J$104-WEEKDAY($J$104,2)+34,"") | G114: =IF(MONTH($J$104-WEEKDAY($J$104,2)+35)=MONTH($J$104),$J$104-WEEKDAY($J$104,2)+35,"") | K114: =IF(A114="","",INDEX(Giorni!$M$2:$M$367,A114-Giorni!$A$2+1)) -> 0 | L114: =IF(B114="","",INDEX(Giorni!$M$2:$M$367,B114-Giorni!$A$2+1)) -> 0 | M114: =IF(C114="","",INDEX(Giorni!$M$2:$M$367,C114-Giorni!$A$2+1)) -> 0 | N114: =IF(D114="","",INDEX(Giorni!$M$2:$M$367,D114-Giorni!$A$2+1)) -> 0 | O114: =IF(E114="","",INDEX(Giorni!$M$2:$M$367,E114-Giorni!$A$2+1)) -> 0 | P114: =IF(F114="","",INDEX(Giorni!$M$2:$M$367,F114-Giorni!$A$2+1)) | Q114: =IF(G114="","",INDEX(Giorni!$M$2:$M$367,G114-Giorni!$A$2+1))
A116: =IF(MONTH($J$104-WEEKDAY($J$104,2)+36)=MONTH($J$104),$J$104-WEEKDAY($J$104,2)+36,"") | B116: =IF(MONTH($J$104-WEEKDAY($J$104,2)+37)=MONTH($J$104),$J$104-WEEKDAY($J$104,2)+37,"") | C116: =IF(MONTH($J$104-WEEKDAY($J$104,2)+38)=MONTH($J$104),$J$104-WEEKDAY($J$104,2)+38,"") | D116: =IF(MONTH($J$104-WEEKDAY($J$104,2)+39)=MONTH($J$104),$J$104-WEEKDAY($J$104,2)+39,"") | E116: =IF(MONTH($J$104-WEEKDAY($J$104,2)+40)=MONTH($J$104),$J$104-WEEKDAY($J$104,2)+40,"") | F116: =IF(MONTH($J$104-WEEKDAY($J$104,2)+41)=MONTH($J$104),$J$104-WEEKDAY($J$104,2)+41,"") | G116: =IF(MONTH($J$104-WEEKDAY($J$104,2)+42)=MONTH($J$104),$J$104-WEEKDAY($J$104,2)+42,"") | K116: =IF(A116="","",INDEX(Giorni!$M$2:$M$367,A116-Giorni!$A$2+1)) | L116: =IF(B116="","",INDEX(Giorni!$M$2:$M$367,B116-Giorni!$A$2+1)) | M116: =IF(C116="","",INDEX(Giorni!$M$2:$M$367,C116-Giorni!$A$2+1)) | N116: =IF(D116="","",INDEX(Giorni!$M$2:$M$367,D116-Giorni!$A$2+1)) | O116: =IF(E116="","",INDEX(Giorni!$M$2:$M$367,E116-Giorni!$A$2+1)) | P116: =IF(F116="","",INDEX(Giorni!$M$2:$M$367,F116-Giorni!$A$2+1)) | Q116: =IF(G116="","",INDEX(Giorni!$M$2:$M$367,G116-Giorni!$A$2+1))
A119: =CHOOSE(MONTH($J119),"GENNAIO","FEBBRAIO","MARZO","APRILE","MAGGIO","GIUGNO","LUGLIO","AGOSTO","SETTEMBRE","OTTOBRE","NOVEMBRE","DICEMBRE")&" "&YEAR($J119) -> MAGGIO 2027 | J119: =EDATE(J104,1) -> 46508
A120: L | B120: M | C120: M | D120: G | E120: V | F120: S | G120: D
A121: =IF(MONTH($J$119-WEEKDAY($J$119,2)+1)=MONTH($J$119),$J$119-WEEKDAY($J$119,2)+1,"") | B121: =IF(MONTH($J$119-WEEKDAY($J$119,2)+2)=MONTH($J$119),$J$119-WEEKDAY($J$119,2)+2,"") | C121: =IF(MONTH($J$119-WEEKDAY($J$119,2)+3)=MONTH($J$119),$J$119-WEEKDAY($J$119,2)+3,"") | D121: =IF(MONTH($J$119-WEEKDAY($J$119,2)+4)=MONTH($J$119),$J$119-WEEKDAY($J$119,2)+4,"") | E121: =IF(MONTH($J$119-WEEKDAY($J$119,2)+5)=MONTH($J$119),$J$119-WEEKDAY($J$119,2)+5,"") | F121: =IF(MONTH($J$119-WEEKDAY($J$119,2)+6)=MONTH($J$119),$J$119-WEEKDAY($J$119,2)+6,"") -> 46508 | G121: =IF(MONTH($J$119-WEEKDAY($J$119,2)+7)=MONTH($J$119),$J$119-WEEKDAY($J$119,2)+7,"") -> 46509 | K121: =IF(A121="","",INDEX(Giorni!$M$2:$M$367,A121-Giorni!$A$2+1)) | L121: =IF(B121="","",INDEX(Giorni!$M$2:$M$367,B121-Giorni!$A$2+1)) | M121: =IF(C121="","",INDEX(Giorni!$M$2:$M$367,C121-Giorni!$A$2+1)) | N121: =IF(D121="","",INDEX(Giorni!$M$2:$M$367,D121-Giorni!$A$2+1)) | O121: =IF(E121="","",INDEX(Giorni!$M$2:$M$367,E121-Giorni!$A$2+1)) | P121: =IF(F121="","",INDEX(Giorni!$M$2:$M$367,F121-Giorni!$A$2+1)) -> 2 | Q121: =IF(G121="","",INDEX(Giorni!$M$2:$M$367,G121-Giorni!$A$2+1)) -> 1
A123: =IF(MONTH($J$119-WEEKDAY($J$119,2)+8)=MONTH($J$119),$J$119-WEEKDAY($J$119,2)+8,"") -> 46510 | B123: =IF(MONTH($J$119-WEEKDAY($J$119,2)+9)=MONTH($J$119),$J$119-WEEKDAY($J$119,2)+9,"") -> 46511 | C123: =IF(MONTH($J$119-WEEKDAY($J$119,2)+10)=MONTH($J$119),$J$119-WEEKDAY($J$119,2)+10,"") -> 46512 | D123: =IF(MONTH($J$119-WEEKDAY($J$119,2)+11)=MONTH($J$119),$J$119-WEEKDAY($J$119,2)+11,"") -> 46513 | E123: =IF(MONTH($J$119-WEEKDAY($J$119,2)+12)=MONTH($J$119),$J$119-WEEKDAY($J$119,2)+12,"") -> 46514 | F123: =IF(MONTH($J$119-WEEKDAY($J$119,2)+13)=MONTH($J$119),$J$119-WEEKDAY($J$119,2)+13,"") -> 46515 | G123: =IF(MONTH($J$119-WEEKDAY($J$119,2)+14)=MONTH($J$119),$J$119-WEEKDAY($J$119,2)+14,"") -> 46516 | K123: =IF(A123="","",INDEX(Giorni!$M$2:$M$367,A123-Giorni!$A$2+1)) -> 0 | L123: =IF(B123="","",INDEX(Giorni!$M$2:$M$367,B123-Giorni!$A$2+1)) -> 0 | M123: =IF(C123="","",INDEX(Giorni!$M$2:$M$367,C123-Giorni!$A$2+1)) -> 0 | N123: =IF(D123="","",INDEX(Giorni!$M$2:$M$367,D123-Giorni!$A$2+1)) -> 0 | O123: =IF(E123="","",INDEX(Giorni!$M$2:$M$367,E123-Giorni!$A$2+1)) -> 0 | P123: =IF(F123="","",INDEX(Giorni!$M$2:$M$367,F123-Giorni!$A$2+1)) -> 1 | Q123: =IF(G123="","",INDEX(Giorni!$M$2:$M$367,G123-Giorni!$A$2+1)) -> 1
A125: =IF(MONTH($J$119-WEEKDAY($J$119,2)+15)=MONTH($J$119),$J$119-WEEKDAY($J$119,2)+15,"") -> 46517 | B125: =IF(MONTH($J$119-WEEKDAY($J$119,2)+16)=MONTH($J$119),$J$119-WEEKDAY($J$119,2)+16,"") -> 46518 | C125: =IF(MONTH($J$119-WEEKDAY($J$119,2)+17)=MONTH($J$119),$J$119-WEEKDAY($J$119,2)+17,"") -> 46519 | D125: =IF(MONTH($J$119-WEEKDAY($J$119,2)+18)=MONTH($J$119),$J$119-WEEKDAY($J$119,2)+18,"") -> 46520 | E125: =IF(MONTH($J$119-WEEKDAY($J$119,2)+19)=MONTH($J$119),$J$119-WEEKDAY($J$119,2)+19,"") -> 46521 | F125: =IF(MONTH($J$119-WEEKDAY($J$119,2)+20)=MONTH($J$119),$J$119-WEEKDAY($J$119,2)+20,"") -> 46522 | G125: =IF(MONTH($J$119-WEEKDAY($J$119,2)+21)=MONTH($J$119),$J$119-WEEKDAY($J$119,2)+21,"") -> 46523 | K125: =IF(A125="","",INDEX(Giorni!$M$2:$M$367,A125-Giorni!$A$2+1)) -> 0 | L125: =IF(B125="","",INDEX(Giorni!$M$2:$M$367,B125-Giorni!$A$2+1)) -> 0 | M125: =IF(C125="","",INDEX(Giorni!$M$2:$M$367,C125-Giorni!$A$2+1)) -> 0 | N125: =IF(D125="","",INDEX(Giorni!$M$2:$M$367,D125-Giorni!$A$2+1)) -> 0 | O125: =IF(E125="","",INDEX(Giorni!$M$2:$M$367,E125-Giorni!$A$2+1)) -> 0 | P125: =IF(F125="","",INDEX(Giorni!$M$2:$M$367,F125-Giorni!$A$2+1)) -> 1 | Q125: =IF(G125="","",INDEX(Giorni!$M$2:$M$367,G125-Giorni!$A$2+1)) -> 1
A127: =IF(MONTH($J$119-WEEKDAY($J$119,2)+22)=MONTH($J$119),$J$119-WEEKDAY($J$119,2)+22,"") -> 46524 | B127: =IF(MONTH($J$119-WEEKDAY($J$119,2)+23)=MONTH($J$119),$J$119-WEEKDAY($J$119,2)+23,"") -> 46525 | C127: =IF(MONTH($J$119-WEEKDAY($J$119,2)+24)=MONTH($J$119),$J$119-WEEKDAY($J$119,2)+24,"") -> 46526 | D127: =IF(MONTH($J$119-WEEKDAY($J$119,2)+25)=MONTH($J$119),$J$119-WEEKDAY($J$119,2)+25,"") -> 46527 | E127: =IF(MONTH($J$119-WEEKDAY($J$119,2)+26)=MONTH($J$119),$J$119-WEEKDAY($J$119,2)+26,"") -> 46528 | F127: =IF(MONTH($J$119-WEEKDAY($J$119,2)+27)=MONTH($J$119),$J$119-WEEKDAY($J$119,2)+27,"") -> 46529 | G127: =IF(MONTH($J$119-WEEKDAY($J$119,2)+28)=MONTH($J$119),$J$119-WEEKDAY($J$119,2)+28,"") -> 46530 | K127: =IF(A127="","",INDEX(Giorni!$M$2:$M$367,A127-Giorni!$A$2+1)) -> 0 | L127: =IF(B127="","",INDEX(Giorni!$M$2:$M$367,B127-Giorni!$A$2+1)) -> 0 | M127: =IF(C127="","",INDEX(Giorni!$M$2:$M$367,C127-Giorni!$A$2+1)) -> 0 | N127: =IF(D127="","",INDEX(Giorni!$M$2:$M$367,D127-Giorni!$A$2+1)) -> 0 | O127: =IF(E127="","",INDEX(Giorni!$M$2:$M$367,E127-Giorni!$A$2+1)) -> 0 | P127: =IF(F127="","",INDEX(Giorni!$M$2:$M$367,F127-Giorni!$A$2+1)) -> 1 | Q127: =IF(G127="","",INDEX(Giorni!$M$2:$M$367,G127-Giorni!$A$2+1)) -> 1
A129: =IF(MONTH($J$119-WEEKDAY($J$119,2)+29)=MONTH($J$119),$J$119-WEEKDAY($J$119,2)+29,"") -> 46531 | B129: =IF(MONTH($J$119-WEEKDAY($J$119,2)+30)=MONTH($J$119),$J$119-WEEKDAY($J$119,2)+30,"") -> 46532 | C129: =IF(MONTH($J$119-WEEKDAY($J$119,2)+31)=MONTH($J$119),$J$119-WEEKDAY($J$119,2)+31,"") -> 46533 | D129: =IF(MONTH($J$119-WEEKDAY($J$119,2)+32)=MONTH($J$119),$J$119-WEEKDAY($J$119,2)+32,"") -> 46534 | E129: =IF(MONTH($J$119-WEEKDAY($J$119,2)+33)=MONTH($J$119),$J$119-WEEKDAY($J$119,2)+33,"") -> 46535 | F129: =IF(MONTH($J$119-WEEKDAY($J$119,2)+34)=MONTH($J$119),$J$119-WEEKDAY($J$119,2)+34,"") -> 46536 | G129: =IF(MONTH($J$119-WEEKDAY($J$119,2)+35)=MONTH($J$119),$J$119-WEEKDAY($J$119,2)+35,"") -> 46537 | K129: =IF(A129="","",INDEX(Giorni!$M$2:$M$367,A129-Giorni!$A$2+1)) -> 0 | L129: =IF(B129="","",INDEX(Giorni!$M$2:$M$367,B129-Giorni!$A$2+1)) -> 0 | M129: =IF(C129="","",INDEX(Giorni!$M$2:$M$367,C129-Giorni!$A$2+1)) -> 0 | N129: =IF(D129="","",INDEX(Giorni!$M$2:$M$367,D129-Giorni!$A$2+1)) -> 0 | O129: =IF(E129="","",INDEX(Giorni!$M$2:$M$367,E129-Giorni!$A$2+1)) -> 0 | P129: =IF(F129="","",INDEX(Giorni!$M$2:$M$367,F129-Giorni!$A$2+1)) -> 1 | Q129: =IF(G129="","",INDEX(Giorni!$M$2:$M$367,G129-Giorni!$A$2+1)) -> 1
A131: =IF(MONTH($J$119-WEEKDAY($J$119,2)+36)=MONTH($J$119),$J$119-WEEKDAY($J$119,2)+36,"") -> 46538 | B131: =IF(MONTH($J$119-WEEKDAY($J$119,2)+37)=MONTH($J$119),$J$119-WEEKDAY($J$119,2)+37,"") | C131: =IF(MONTH($J$119-WEEKDAY($J$119,2)+38)=MONTH($J$119),$J$119-WEEKDAY($J$119,2)+38,"") | D131: =IF(MONTH($J$119-WEEKDAY($J$119,2)+39)=MONTH($J$119),$J$119-WEEKDAY($J$119,2)+39,"") | E131: =IF(MONTH($J$119-WEEKDAY($J$119,2)+40)=MONTH($J$119),$J$119-WEEKDAY($J$119,2)+40,"") | F131: =IF(MONTH($J$119-WEEKDAY($J$119,2)+41)=MONTH($J$119),$J$119-WEEKDAY($J$119,2)+41,"") | G131: =IF(MONTH($J$119-WEEKDAY($J$119,2)+42)=MONTH($J$119),$J$119-WEEKDAY($J$119,2)+42,"") | K131: =IF(A131="","",INDEX(Giorni!$M$2:$M$367,A131-Giorni!$A$2+1)) -> 0 | L131: =IF(B131="","",INDEX(Giorni!$M$2:$M$367,B131-Giorni!$A$2+1)) | M131: =IF(C131="","",INDEX(Giorni!$M$2:$M$367,C131-Giorni!$A$2+1)) | N131: =IF(D131="","",INDEX(Giorni!$M$2:$M$367,D131-Giorni!$A$2+1)) | O131: =IF(E131="","",INDEX(Giorni!$M$2:$M$367,E131-Giorni!$A$2+1)) | P131: =IF(F131="","",INDEX(Giorni!$M$2:$M$367,F131-Giorni!$A$2+1)) | Q131: =IF(G131="","",INDEX(Giorni!$M$2:$M$367,G131-Giorni!$A$2+1))
A134: =CHOOSE(MONTH($J134),"GENNAIO","FEBBRAIO","MARZO","APRILE","MAGGIO","GIUGNO","LUGLIO","AGOSTO","SETTEMBRE","OTTOBRE","NOVEMBRE","DICEMBRE")&" "&YEAR($J134) -> GIUGNO 2027 | J134: =EDATE(J119,1) -> 46539
A135: L | B135: M | C135: M | D135: G | E135: V | F135: S | G135: D
A136: =IF(MONTH($J$134-WEEKDAY($J$134,2)+1)=MONTH($J$134),$J$134-WEEKDAY($J$134,2)+1,"") | B136: =IF(MONTH($J$134-WEEKDAY($J$134,2)+2)=MONTH($J$134),$J$134-WEEKDAY($J$134,2)+2,"") -> 46539 | C136: =IF(MONTH($J$134-WEEKDAY($J$134,2)+3)=MONTH($J$134),$J$134-WEEKDAY($J$134,2)+3,"") -> 46540 | D136: =IF(MONTH($J$134-WEEKDAY($J$134,2)+4)=MONTH($J$134),$J$134-WEEKDAY($J$134,2)+4,"") -> 46541 | E136: =IF(MONTH($J$134-WEEKDAY($J$134,2)+5)=MONTH($J$134),$J$134-WEEKDAY($J$134,2)+5,"") -> 46542 | F136: =IF(MONTH($J$134-WEEKDAY($J$134,2)+6)=MONTH($J$134),$J$134-WEEKDAY($J$134,2)+6,"") -> 46543 | G136: =IF(MONTH($J$134-WEEKDAY($J$134,2)+7)=MONTH($J$134),$J$134-WEEKDAY($J$134,2)+7,"") -> 46544 | K136: =IF(A136="","",INDEX(Giorni!$M$2:$M$367,A136-Giorni!$A$2+1)) | L136: =IF(B136="","",INDEX(Giorni!$M$2:$M$367,B136-Giorni!$A$2+1)) -> 0 | M136: =IF(C136="","",INDEX(Giorni!$M$2:$M$367,C136-Giorni!$A$2+1)) -> 2 | N136: =IF(D136="","",INDEX(Giorni!$M$2:$M$367,D136-Giorni!$A$2+1)) -> 0 | O136: =IF(E136="","",INDEX(Giorni!$M$2:$M$367,E136-Giorni!$A$2+1)) -> 0 | P136: =IF(F136="","",INDEX(Giorni!$M$2:$M$367,F136-Giorni!$A$2+1)) -> 1 | Q136: =IF(G136="","",INDEX(Giorni!$M$2:$M$367,G136-Giorni!$A$2+1)) -> 1
A138: =IF(MONTH($J$134-WEEKDAY($J$134,2)+8)=MONTH($J$134),$J$134-WEEKDAY($J$134,2)+8,"") -> 46545 | B138: =IF(MONTH($J$134-WEEKDAY($J$134,2)+9)=MONTH($J$134),$J$134-WEEKDAY($J$134,2)+9,"") -> 46546 | C138: =IF(MONTH($J$134-WEEKDAY($J$134,2)+10)=MONTH($J$134),$J$134-WEEKDAY($J$134,2)+10,"") -> 46547 | D138: =IF(MONTH($J$134-WEEKDAY($J$134,2)+11)=MONTH($J$134),$J$134-WEEKDAY($J$134,2)+11,"") -> 46548 | E138: =IF(MONTH($J$134-WEEKDAY($J$134,2)+12)=MONTH($J$134),$J$134-WEEKDAY($J$134,2)+12,"") -> 46549 | F138: =IF(MONTH($J$134-WEEKDAY($J$134,2)+13)=MONTH($J$134),$J$134-WEEKDAY($J$134,2)+13,"") -> 46550 | G138: =IF(MONTH($J$134-WEEKDAY($J$134,2)+14)=MONTH($J$134),$J$134-WEEKDAY($J$134,2)+14,"") -> 46551 | K138: =IF(A138="","",INDEX(Giorni!$M$2:$M$367,A138-Giorni!$A$2+1)) -> 0 | L138: =IF(B138="","",INDEX(Giorni!$M$2:$M$367,B138-Giorni!$A$2+1)) -> 0 | M138: =IF(C138="","",INDEX(Giorni!$M$2:$M$367,C138-Giorni!$A$2+1)) -> 0 | N138: =IF(D138="","",INDEX(Giorni!$M$2:$M$367,D138-Giorni!$A$2+1)) -> 0 | O138: =IF(E138="","",INDEX(Giorni!$M$2:$M$367,E138-Giorni!$A$2+1)) -> 0 | P138: =IF(F138="","",INDEX(Giorni!$M$2:$M$367,F138-Giorni!$A$2+1)) -> 1 | Q138: =IF(G138="","",INDEX(Giorni!$M$2:$M$367,G138-Giorni!$A$2+1)) -> 1
A140: =IF(MONTH($J$134-WEEKDAY($J$134,2)+15)=MONTH($J$134),$J$134-WEEKDAY($J$134,2)+15,"") -> 46552 | B140: =IF(MONTH($J$134-WEEKDAY($J$134,2)+16)=MONTH($J$134),$J$134-WEEKDAY($J$134,2)+16,"") -> 46553 | C140: =IF(MONTH($J$134-WEEKDAY($J$134,2)+17)=MONTH($J$134),$J$134-WEEKDAY($J$134,2)+17,"") -> 46554 | D140: =IF(MONTH($J$134-WEEKDAY($J$134,2)+18)=MONTH($J$134),$J$134-WEEKDAY($J$134,2)+18,"") -> 46555 | E140: =IF(MONTH($J$134-WEEKDAY($J$134,2)+19)=MONTH($J$134),$J$134-WEEKDAY($J$134,2)+19,"") -> 46556 | F140: =IF(MONTH($J$134-WEEKDAY($J$134,2)+20)=MONTH($J$134),$J$134-WEEKDAY($J$134,2)+20,"") -> 46557 | G140: =IF(MONTH($J$134-WEEKDAY($J$134,2)+21)=MONTH($J$134),$J$134-WEEKDAY($J$134,2)+21,"") -> 46558 | K140: =IF(A140="","",INDEX(Giorni!$M$2:$M$367,A140-Giorni!$A$2+1)) -> 0 | L140: =IF(B140="","",INDEX(Giorni!$M$2:$M$367,B140-Giorni!$A$2+1)) -> 0 | M140: =IF(C140="","",INDEX(Giorni!$M$2:$M$367,C140-Giorni!$A$2+1)) -> 0 | N140: =IF(D140="","",INDEX(Giorni!$M$2:$M$367,D140-Giorni!$A$2+1)) -> 0 | O140: =IF(E140="","",INDEX(Giorni!$M$2:$M$367,E140-Giorni!$A$2+1)) -> 0 | P140: =IF(F140="","",INDEX(Giorni!$M$2:$M$367,F140-Giorni!$A$2+1)) -> 1 | Q140: =IF(G140="","",INDEX(Giorni!$M$2:$M$367,G140-Giorni!$A$2+1)) -> 1
A142: =IF(MONTH($J$134-WEEKDAY($J$134,2)+22)=MONTH($J$134),$J$134-WEEKDAY($J$134,2)+22,"") -> 46559 | B142: =IF(MONTH($J$134-WEEKDAY($J$134,2)+23)=MONTH($J$134),$J$134-WEEKDAY($J$134,2)+23,"") -> 46560 | C142: =IF(MONTH($J$134-WEEKDAY($J$134,2)+24)=MONTH($J$134),$J$134-WEEKDAY($J$134,2)+24,"") -> 46561 | D142: =IF(MONTH($J$134-WEEKDAY($J$134,2)+25)=MONTH($J$134),$J$134-WEEKDAY($J$134,2)+25,"") -> 46562 | E142: =IF(MONTH($J$134-WEEKDAY($J$134,2)+26)=MONTH($J$134),$J$134-WEEKDAY($J$134,2)+26,"") -> 46563 | F142: =IF(MONTH($J$134-WEEKDAY($J$134,2)+27)=MONTH($J$134),$J$134-WEEKDAY($J$134,2)+27,"") -> 46564 | G142: =IF(MONTH($J$134-WEEKDAY($J$134,2)+28)=MONTH($J$134),$J$134-WEEKDAY($J$134,2)+28,"") -> 46565 | K142: =IF(A142="","",INDEX(Giorni!$M$2:$M$367,A142-Giorni!$A$2+1)) -> 0 | L142: =IF(B142="","",INDEX(Giorni!$M$2:$M$367,B142-Giorni!$A$2+1)) -> 0 | M142: =IF(C142="","",INDEX(Giorni!$M$2:$M$367,C142-Giorni!$A$2+1)) -> 0 | N142: =IF(D142="","",INDEX(Giorni!$M$2:$M$367,D142-Giorni!$A$2+1)) -> 0 | O142: =IF(E142="","",INDEX(Giorni!$M$2:$M$367,E142-Giorni!$A$2+1)) -> 0 | P142: =IF(F142="","",INDEX(Giorni!$M$2:$M$367,F142-Giorni!$A$2+1)) -> 1 | Q142: =IF(G142="","",INDEX(Giorni!$M$2:$M$367,G142-Giorni!$A$2+1)) -> 1
A144: =IF(MONTH($J$134-WEEKDAY($J$134,2)+29)=MONTH($J$134),$J$134-WEEKDAY($J$134,2)+29,"") -> 46566 | B144: =IF(MONTH($J$134-WEEKDAY($J$134,2)+30)=MONTH($J$134),$J$134-WEEKDAY($J$134,2)+30,"") -> 46567 | C144: =IF(MONTH($J$134-WEEKDAY($J$134,2)+31)=MONTH($J$134),$J$134-WEEKDAY($J$134,2)+31,"") -> 46568 | D144: =IF(MONTH($J$134-WEEKDAY($J$134,2)+32)=MONTH($J$134),$J$134-WEEKDAY($J$134,2)+32,"") | E144: =IF(MONTH($J$134-WEEKDAY($J$134,2)+33)=MONTH($J$134),$J$134-WEEKDAY($J$134,2)+33,"") | F144: =IF(MONTH($J$134-WEEKDAY($J$134,2)+34)=MONTH($J$134),$J$134-WEEKDAY($J$134,2)+34,"") | G144: =IF(MONTH($J$134-WEEKDAY($J$134,2)+35)=MONTH($J$134),$J$134-WEEKDAY($J$134,2)+35,"") | K144: =IF(A144="","",INDEX(Giorni!$M$2:$M$367,A144-Giorni!$A$2+1)) -> 0 | L144: =IF(B144="","",INDEX(Giorni!$M$2:$M$367,B144-Giorni!$A$2+1)) -> 0 | M144: =IF(C144="","",INDEX(Giorni!$M$2:$M$367,C144-Giorni!$A$2+1)) -> 0 | N144: =IF(D144="","",INDEX(Giorni!$M$2:$M$367,D144-Giorni!$A$2+1)) | O144: =IF(E144="","",INDEX(Giorni!$M$2:$M$367,E144-Giorni!$A$2+1)) | P144: =IF(F144="","",INDEX(Giorni!$M$2:$M$367,F144-Giorni!$A$2+1)) | Q144: =IF(G144="","",INDEX(Giorni!$M$2:$M$367,G144-Giorni!$A$2+1))
A146: =IF(MONTH($J$134-WEEKDAY($J$134,2)+36)=MONTH($J$134),$J$134-WEEKDAY($J$134,2)+36,"") | B146: =IF(MONTH($J$134-WEEKDAY($J$134,2)+37)=MONTH($J$134),$J$134-WEEKDAY($J$134,2)+37,"") | C146: =IF(MONTH($J$134-WEEKDAY($J$134,2)+38)=MONTH($J$134),$J$134-WEEKDAY($J$134,2)+38,"") | D146: =IF(MONTH($J$134-WEEKDAY($J$134,2)+39)=MONTH($J$134),$J$134-WEEKDAY($J$134,2)+39,"") | E146: =IF(MONTH($J$134-WEEKDAY($J$134,2)+40)=MONTH($J$134),$J$134-WEEKDAY($J$134,2)+40,"") | F146: =IF(MONTH($J$134-WEEKDAY($J$134,2)+41)=MONTH($J$134),$J$134-WEEKDAY($J$134,2)+41,"") | G146: =IF(MONTH($J$134-WEEKDAY($J$134,2)+42)=MONTH($J$134),$J$134-WEEKDAY($J$134,2)+42,"") | K146: =IF(A146="","",INDEX(Giorni!$M$2:$M$367,A146-Giorni!$A$2+1)) | L146: =IF(B146="","",INDEX(Giorni!$M$2:$M$367,B146-Giorni!$A$2+1)) | M146: =IF(C146="","",INDEX(Giorni!$M$2:$M$367,C146-Giorni!$A$2+1)) | N146: =IF(D146="","",INDEX(Giorni!$M$2:$M$367,D146-Giorni!$A$2+1)) | O146: =IF(E146="","",INDEX(Giorni!$M$2:$M$367,E146-Giorni!$A$2+1)) | P146: =IF(F146="","",INDEX(Giorni!$M$2:$M$367,F146-Giorni!$A$2+1)) | Q146: =IF(G146="","",INDEX(Giorni!$M$2:$M$367,G146-Giorni!$A$2+1))
A149: =CHOOSE(MONTH($J149),"GENNAIO","FEBBRAIO","MARZO","APRILE","MAGGIO","GIUGNO","LUGLIO","AGOSTO","SETTEMBRE","OTTOBRE","NOVEMBRE","DICEMBRE")&" "&YEAR($J149) -> LUGLIO 2027 | J149: =EDATE(J134,1) -> 46569
A150: L | B150: M | C150: M | D150: G | E150: V | F150: S | G150: D
A151: =IF(MONTH($J$149-WEEKDAY($J$149,2)+1)=MONTH($J$149),$J$149-WEEKDAY($J$149,2)+1,"") | B151: =IF(MONTH($J$149-WEEKDAY($J$149,2)+2)=MONTH($J$149),$J$149-WEEKDAY($J$149,2)+2,"") | C151: =IF(MONTH($J$149-WEEKDAY($J$149,2)+3)=MONTH($J$149),$J$149-WEEKDAY($J$149,2)+3,"") | D151: =IF(MONTH($J$149-WEEKDAY($J$149,2)+4)=MONTH($J$149),$J$149-WEEKDAY($J$149,2)+4,"") -> 46569 | E151: =IF(MONTH($J$149-WEEKDAY($J$149,2)+5)=MONTH($J$149),$J$149-WEEKDAY($J$149,2)+5,"") -> 46570 | F151: =IF(MONTH($J$149-WEEKDAY($J$149,2)+6)=MONTH($J$149),$J$149-WEEKDAY($J$149,2)+6,"") -> 46571 | G151: =IF(MONTH($J$149-WEEKDAY($J$149,2)+7)=MONTH($J$149),$J$149-WEEKDAY($J$149,2)+7,"") -> 46572 | K151: =IF(A151="","",INDEX(Giorni!$M$2:$M$367,A151-Giorni!$A$2+1)) | L151: =IF(B151="","",INDEX(Giorni!$M$2:$M$367,B151-Giorni!$A$2+1)) | M151: =IF(C151="","",INDEX(Giorni!$M$2:$M$367,C151-Giorni!$A$2+1)) | N151: =IF(D151="","",INDEX(Giorni!$M$2:$M$367,D151-Giorni!$A$2+1)) -> 0 | O151: =IF(E151="","",INDEX(Giorni!$M$2:$M$367,E151-Giorni!$A$2+1)) -> 0 | P151: =IF(F151="","",INDEX(Giorni!$M$2:$M$367,F151-Giorni!$A$2+1)) -> 1 | Q151: =IF(G151="","",INDEX(Giorni!$M$2:$M$367,G151-Giorni!$A$2+1)) -> 1
A153: =IF(MONTH($J$149-WEEKDAY($J$149,2)+8)=MONTH($J$149),$J$149-WEEKDAY($J$149,2)+8,"") -> 46573 | B153: =IF(MONTH($J$149-WEEKDAY($J$149,2)+9)=MONTH($J$149),$J$149-WEEKDAY($J$149,2)+9,"") -> 46574 | C153: =IF(MONTH($J$149-WEEKDAY($J$149,2)+10)=MONTH($J$149),$J$149-WEEKDAY($J$149,2)+10,"") -> 46575 | D153: =IF(MONTH($J$149-WEEKDAY($J$149,2)+11)=MONTH($J$149),$J$149-WEEKDAY($J$149,2)+11,"") -> 46576 | E153: =IF(MONTH($J$149-WEEKDAY($J$149,2)+12)=MONTH($J$149),$J$149-WEEKDAY($J$149,2)+12,"") -> 46577 | F153: =IF(MONTH($J$149-WEEKDAY($J$149,2)+13)=MONTH($J$149),$J$149-WEEKDAY($J$149,2)+13,"") -> 46578 | G153: =IF(MONTH($J$149-WEEKDAY($J$149,2)+14)=MONTH($J$149),$J$149-WEEKDAY($J$149,2)+14,"") -> 46579 | K153: =IF(A153="","",INDEX(Giorni!$M$2:$M$367,A153-Giorni!$A$2+1)) -> 0 | L153: =IF(B153="","",INDEX(Giorni!$M$2:$M$367,B153-Giorni!$A$2+1)) -> 0 | M153: =IF(C153="","",INDEX(Giorni!$M$2:$M$367,C153-Giorni!$A$2+1)) -> 0 | N153: =IF(D153="","",INDEX(Giorni!$M$2:$M$367,D153-Giorni!$A$2+1)) -> 0 | O153: =IF(E153="","",INDEX(Giorni!$M$2:$M$367,E153-Giorni!$A$2+1)) -> 0 | P153: =IF(F153="","",INDEX(Giorni!$M$2:$M$367,F153-Giorni!$A$2+1)) -> 1 | Q153: =IF(G153="","",INDEX(Giorni!$M$2:$M$367,G153-Giorni!$A$2+1)) -> 1
A155: =IF(MONTH($J$149-WEEKDAY($J$149,2)+15)=MONTH($J$149),$J$149-WEEKDAY($J$149,2)+15,"") -> 46580 | B155: =IF(MONTH($J$149-WEEKDAY($J$149,2)+16)=MONTH($J$149),$J$149-WEEKDAY($J$149,2)+16,"") -> 46581 | C155: =IF(MONTH($J$149-WEEKDAY($J$149,2)+17)=MONTH($J$149),$J$149-WEEKDAY($J$149,2)+17,"") -> 46582 | D155: =IF(MONTH($J$149-WEEKDAY($J$149,2)+18)=MONTH($J$149),$J$149-WEEKDAY($J$149,2)+18,"") -> 46583 | E155: =IF(MONTH($J$149-WEEKDAY($J$149,2)+19)=MONTH($J$149),$J$149-WEEKDAY($J$149,2)+19,"") -> 46584 | F155: =IF(MONTH($J$149-WEEKDAY($J$149,2)+20)=MONTH($J$149),$J$149-WEEKDAY($J$149,2)+20,"") -> 46585 | G155: =IF(MONTH($J$149-WEEKDAY($J$149,2)+21)=MONTH($J$149),$J$149-WEEKDAY($J$149,2)+21,"") -> 46586 | K155: =IF(A155="","",INDEX(Giorni!$M$2:$M$367,A155-Giorni!$A$2+1)) -> 0 | L155: =IF(B155="","",INDEX(Giorni!$M$2:$M$367,B155-Giorni!$A$2+1)) -> 0 | M155: =IF(C155="","",INDEX(Giorni!$M$2:$M$367,C155-Giorni!$A$2+1)) -> 0 | N155: =IF(D155="","",INDEX(Giorni!$M$2:$M$367,D155-Giorni!$A$2+1)) -> 0 | O155: =IF(E155="","",INDEX(Giorni!$M$2:$M$367,E155-Giorni!$A$2+1)) -> 0 | P155: =IF(F155="","",INDEX(Giorni!$M$2:$M$367,F155-Giorni!$A$2+1)) -> 1 | Q155: =IF(G155="","",INDEX(Giorni!$M$2:$M$367,G155-Giorni!$A$2+1)) -> 1
A157: =IF(MONTH($J$149-WEEKDAY($J$149,2)+22)=MONTH($J$149),$J$149-WEEKDAY($J$149,2)+22,"") -> 46587 | B157: =IF(MONTH($J$149-WEEKDAY($J$149,2)+23)=MONTH($J$149),$J$149-WEEKDAY($J$149,2)+23,"") -> 46588 | C157: =IF(MONTH($J$149-WEEKDAY($J$149,2)+24)=MONTH($J$149),$J$149-WEEKDAY($J$149,2)+24,"") -> 46589 | D157: =IF(MONTH($J$149-WEEKDAY($J$149,2)+25)=MONTH($J$149),$J$149-WEEKDAY($J$149,2)+25,"") -> 46590 | E157: =IF(MONTH($J$149-WEEKDAY($J$149,2)+26)=MONTH($J$149),$J$149-WEEKDAY($J$149,2)+26,"") -> 46591 | F157: =IF(MONTH($J$149-WEEKDAY($J$149,2)+27)=MONTH($J$149),$J$149-WEEKDAY($J$149,2)+27,"") -> 46592 | G157: =IF(MONTH($J$149-WEEKDAY($J$149,2)+28)=MONTH($J$149),$J$149-WEEKDAY($J$149,2)+28,"") -> 46593 | K157: =IF(A157="","",INDEX(Giorni!$M$2:$M$367,A157-Giorni!$A$2+1)) -> 0 | L157: =IF(B157="","",INDEX(Giorni!$M$2:$M$367,B157-Giorni!$A$2+1)) -> 0 | M157: =IF(C157="","",INDEX(Giorni!$M$2:$M$367,C157-Giorni!$A$2+1)) -> 0 | N157: =IF(D157="","",INDEX(Giorni!$M$2:$M$367,D157-Giorni!$A$2+1)) -> 0 | O157: =IF(E157="","",INDEX(Giorni!$M$2:$M$367,E157-Giorni!$A$2+1)) -> 0 | P157: =IF(F157="","",INDEX(Giorni!$M$2:$M$367,F157-Giorni!$A$2+1)) -> 1 | Q157: =IF(G157="","",INDEX(Giorni!$M$2:$M$367,G157-Giorni!$A$2+1)) -> 1
A159: =IF(MONTH($J$149-WEEKDAY($J$149,2)+29)=MONTH($J$149),$J$149-WEEKDAY($J$149,2)+29,"") -> 46594 | B159: =IF(MONTH($J$149-WEEKDAY($J$149,2)+30)=MONTH($J$149),$J$149-WEEKDAY($J$149,2)+30,"") -> 46595 | C159: =IF(MONTH($J$149-WEEKDAY($J$149,2)+31)=MONTH($J$149),$J$149-WEEKDAY($J$149,2)+31,"") -> 46596 | D159: =IF(MONTH($J$149-WEEKDAY($J$149,2)+32)=MONTH($J$149),$J$149-WEEKDAY($J$149,2)+32,"") -> 46597 | E159: =IF(MONTH($J$149-WEEKDAY($J$149,2)+33)=MONTH($J$149),$J$149-WEEKDAY($J$149,2)+33,"") -> 46598 | F159: =IF(MONTH($J$149-WEEKDAY($J$149,2)+34)=MONTH($J$149),$J$149-WEEKDAY($J$149,2)+34,"") -> 46599 | G159: =IF(MONTH($J$149-WEEKDAY($J$149,2)+35)=MONTH($J$149),$J$149-WEEKDAY($J$149,2)+35,"") | K159: =IF(A159="","",INDEX(Giorni!$M$2:$M$367,A159-Giorni!$A$2+1)) -> 0 | L159: =IF(B159="","",INDEX(Giorni!$M$2:$M$367,B159-Giorni!$A$2+1)) -> 0 | M159: =IF(C159="","",INDEX(Giorni!$M$2:$M$367,C159-Giorni!$A$2+1)) -> 0 | N159: =IF(D159="","",INDEX(Giorni!$M$2:$M$367,D159-Giorni!$A$2+1)) -> 0 | O159: =IF(E159="","",INDEX(Giorni!$M$2:$M$367,E159-Giorni!$A$2+1)) -> 0 | P159: =IF(F159="","",INDEX(Giorni!$M$2:$M$367,F159-Giorni!$A$2+1)) -> 1 | Q159: =IF(G159="","",INDEX(Giorni!$M$2:$M$367,G159-Giorni!$A$2+1))
A161: =IF(MONTH($J$149-WEEKDAY($J$149,2)+36)=MONTH($J$149),$J$149-WEEKDAY($J$149,2)+36,"") | B161: =IF(MONTH($J$149-WEEKDAY($J$149,2)+37)=MONTH($J$149),$J$149-WEEKDAY($J$149,2)+37,"") | C161: =IF(MONTH($J$149-WEEKDAY($J$149,2)+38)=MONTH($J$149),$J$149-WEEKDAY($J$149,2)+38,"") | D161: =IF(MONTH($J$149-WEEKDAY($J$149,2)+39)=MONTH($J$149),$J$149-WEEKDAY($J$149,2)+39,"") | E161: =IF(MONTH($J$149-WEEKDAY($J$149,2)+40)=MONTH($J$149),$J$149-WEEKDAY($J$149,2)+40,"") | F161: =IF(MONTH($J$149-WEEKDAY($J$149,2)+41)=MONTH($J$149),$J$149-WEEKDAY($J$149,2)+41,"") | G161: =IF(MONTH($J$149-WEEKDAY($J$149,2)+42)=MONTH($J$149),$J$149-WEEKDAY($J$149,2)+42,"") | K161: =IF(A161="","",INDEX(Giorni!$M$2:$M$367,A161-Giorni!$A$2+1)) | L161: =IF(B161="","",INDEX(Giorni!$M$2:$M$367,B161-Giorni!$A$2+1)) | M161: =IF(C161="","",INDEX(Giorni!$M$2:$M$367,C161-Giorni!$A$2+1)) | N161: =IF(D161="","",INDEX(Giorni!$M$2:$M$367,D161-Giorni!$A$2+1)) | O161: =IF(E161="","",INDEX(Giorni!$M$2:$M$367,E161-Giorni!$A$2+1)) | P161: =IF(F161="","",INDEX(Giorni!$M$2:$M$367,F161-Giorni!$A$2+1)) | Q161: =IF(G161="","",INDEX(Giorni!$M$2:$M$367,G161-Giorni!$A$2+1))
A164: =CHOOSE(MONTH($J164),"GENNAIO","FEBBRAIO","MARZO","APRILE","MAGGIO","GIUGNO","LUGLIO","AGOSTO","SETTEMBRE","OTTOBRE","NOVEMBRE","DICEMBRE")&" "&YEAR($J164) -> AGOSTO 2027 | J164: =EDATE(J149,1) -> 46600
A165: L | B165: M | C165: M | D165: G | E165: V | F165: S | G165: D
A166: =IF(MONTH($J$164-WEEKDAY($J$164,2)+1)=MONTH($J$164),$J$164-WEEKDAY($J$164,2)+1,"") | B166: =IF(MONTH($J$164-WEEKDAY($J$164,2)+2)=MONTH($J$164),$J$164-WEEKDAY($J$164,2)+2,"") | C166: =IF(MONTH($J$164-WEEKDAY($J$164,2)+3)=MONTH($J$164),$J$164-WEEKDAY($J$164,2)+3,"") | D166: =IF(MONTH($J$164-WEEKDAY($J$164,2)+4)=MONTH($J$164),$J$164-WEEKDAY($J$164,2)+4,"") | E166: =IF(MONTH($J$164-WEEKDAY($J$164,2)+5)=MONTH($J$164),$J$164-WEEKDAY($J$164,2)+5,"") | F166: =IF(MONTH($J$164-WEEKDAY($J$164,2)+6)=MONTH($J$164),$J$164-WEEKDAY($J$164,2)+6,"") | G166: =IF(MONTH($J$164-WEEKDAY($J$164,2)+7)=MONTH($J$164),$J$164-WEEKDAY($J$164,2)+7,"") -> 46600 | K166: =IF(A166="","",INDEX(Giorni!$M$2:$M$367,A166-Giorni!$A$2+1)) | L166: =IF(B166="","",INDEX(Giorni!$M$2:$M$367,B166-Giorni!$A$2+1)) | M166: =IF(C166="","",INDEX(Giorni!$M$2:$M$367,C166-Giorni!$A$2+1)) | N166: =IF(D166="","",INDEX(Giorni!$M$2:$M$367,D166-Giorni!$A$2+1)) | O166: =IF(E166="","",INDEX(Giorni!$M$2:$M$367,E166-Giorni!$A$2+1)) | P166: =IF(F166="","",INDEX(Giorni!$M$2:$M$367,F166-Giorni!$A$2+1)) | Q166: =IF(G166="","",INDEX(Giorni!$M$2:$M$367,G166-Giorni!$A$2+1)) -> 2
A168: =IF(MONTH($J$164-WEEKDAY($J$164,2)+8)=MONTH($J$164),$J$164-WEEKDAY($J$164,2)+8,"") -> 46601 | B168: =IF(MONTH($J$164-WEEKDAY($J$164,2)+9)=MONTH($J$164),$J$164-WEEKDAY($J$164,2)+9,"") -> 46602 | C168: =IF(MONTH($J$164-WEEKDAY($J$164,2)+10)=MONTH($J$164),$J$164-WEEKDAY($J$164,2)+10,"") -> 46603 | D168: =IF(MONTH($J$164-WEEKDAY($J$164,2)+11)=MONTH($J$164),$J$164-WEEKDAY($J$164,2)+11,"") -> 46604 | E168: =IF(MONTH($J$164-WEEKDAY($J$164,2)+12)=MONTH($J$164),$J$164-WEEKDAY($J$164,2)+12,"") -> 46605 | F168: =IF(MONTH($J$164-WEEKDAY($J$164,2)+13)=MONTH($J$164),$J$164-WEEKDAY($J$164,2)+13,"") -> 46606 | G168: =IF(MONTH($J$164-WEEKDAY($J$164,2)+14)=MONTH($J$164),$J$164-WEEKDAY($J$164,2)+14,"") -> 46607 | K168: =IF(A168="","",INDEX(Giorni!$M$2:$M$367,A168-Giorni!$A$2+1)) -> 2 | L168: =IF(B168="","",INDEX(Giorni!$M$2:$M$367,B168-Giorni!$A$2+1)) -> 2 | M168: =IF(C168="","",INDEX(Giorni!$M$2:$M$367,C168-Giorni!$A$2+1)) -> 2 | N168: =IF(D168="","",INDEX(Giorni!$M$2:$M$367,D168-Giorni!$A$2+1)) -> 2 | O168: =IF(E168="","",INDEX(Giorni!$M$2:$M$367,E168-Giorni!$A$2+1)) -> 2 | P168: =IF(F168="","",INDEX(Giorni!$M$2:$M$367,F168-Giorni!$A$2+1)) -> 2 | Q168: =IF(G168="","",INDEX(Giorni!$M$2:$M$367,G168-Giorni!$A$2+1)) -> 2
A170: =IF(MONTH($J$164-WEEKDAY($J$164,2)+15)=MONTH($J$164),$J$164-WEEKDAY($J$164,2)+15,"") -> 46608 | B170: =IF(MONTH($J$164-WEEKDAY($J$164,2)+16)=MONTH($J$164),$J$164-WEEKDAY($J$164,2)+16,"") -> 46609 | C170: =IF(MONTH($J$164-WEEKDAY($J$164,2)+17)=MONTH($J$164),$J$164-WEEKDAY($J$164,2)+17,"") -> 46610 | D170: =IF(MONTH($J$164-WEEKDAY($J$164,2)+18)=MONTH($J$164),$J$164-WEEKDAY($J$164,2)+18,"") -> 46611 | E170: =IF(MONTH($J$164-WEEKDAY($J$164,2)+19)=MONTH($J$164),$J$164-WEEKDAY($J$164,2)+19,"") -> 46612 | F170: =IF(MONTH($J$164-WEEKDAY($J$164,2)+20)=MONTH($J$164),$J$164-WEEKDAY($J$164,2)+20,"") -> 46613 | G170: =IF(MONTH($J$164-WEEKDAY($J$164,2)+21)=MONTH($J$164),$J$164-WEEKDAY($J$164,2)+21,"") -> 46614 | K170: =IF(A170="","",INDEX(Giorni!$M$2:$M$367,A170-Giorni!$A$2+1)) -> 2 | L170: =IF(B170="","",INDEX(Giorni!$M$2:$M$367,B170-Giorni!$A$2+1)) -> 2 | M170: =IF(C170="","",INDEX(Giorni!$M$2:$M$367,C170-Giorni!$A$2+1)) -> 2 | N170: =IF(D170="","",INDEX(Giorni!$M$2:$M$367,D170-Giorni!$A$2+1)) -> 2 | O170: =IF(E170="","",INDEX(Giorni!$M$2:$M$367,E170-Giorni!$A$2+1)) -> 2 | P170: =IF(F170="","",INDEX(Giorni!$M$2:$M$367,F170-Giorni!$A$2+1)) -> 2 | Q170: =IF(G170="","",INDEX(Giorni!$M$2:$M$367,G170-Giorni!$A$2+1)) -> 2
A172: =IF(MONTH($J$164-WEEKDAY($J$164,2)+22)=MONTH($J$164),$J$164-WEEKDAY($J$164,2)+22,"") -> 46615 | B172: =IF(MONTH($J$164-WEEKDAY($J$164,2)+23)=MONTH($J$164),$J$164-WEEKDAY($J$164,2)+23,"") -> 46616 | C172: =IF(MONTH($J$164-WEEKDAY($J$164,2)+24)=MONTH($J$164),$J$164-WEEKDAY($J$164,2)+24,"") -> 46617 | D172: =IF(MONTH($J$164-WEEKDAY($J$164,2)+25)=MONTH($J$164),$J$164-WEEKDAY($J$164,2)+25,"") -> 46618 | E172: =IF(MONTH($J$164-WEEKDAY($J$164,2)+26)=MONTH($J$164),$J$164-WEEKDAY($J$164,2)+26,"") -> 46619 | F172: =IF(MONTH($J$164-WEEKDAY($J$164,2)+27)=MONTH($J$164),$J$164-WEEKDAY($J$164,2)+27,"") -> 46620 | G172: =IF(MONTH($J$164-WEEKDAY($J$164,2)+28)=MONTH($J$164),$J$164-WEEKDAY($J$164,2)+28,"") -> 46621 | K172: =IF(A172="","",INDEX(Giorni!$M$2:$M$367,A172-Giorni!$A$2+1)) -> 2 | L172: =IF(B172="","",INDEX(Giorni!$M$2:$M$367,B172-Giorni!$A$2+1)) -> 2 | M172: =IF(C172="","",INDEX(Giorni!$M$2:$M$367,C172-Giorni!$A$2+1)) -> 2 | N172: =IF(D172="","",INDEX(Giorni!$M$2:$M$367,D172-Giorni!$A$2+1)) -> 2 | O172: =IF(E172="","",INDEX(Giorni!$M$2:$M$367,E172-Giorni!$A$2+1)) -> 2 | P172: =IF(F172="","",INDEX(Giorni!$M$2:$M$367,F172-Giorni!$A$2+1)) -> 2 | Q172: =IF(G172="","",INDEX(Giorni!$M$2:$M$367,G172-Giorni!$A$2+1)) -> 2
A174: =IF(MONTH($J$164-WEEKDAY($J$164,2)+29)=MONTH($J$164),$J$164-WEEKDAY($J$164,2)+29,"") -> 46622 | B174: =IF(MONTH($J$164-WEEKDAY($J$164,2)+30)=MONTH($J$164),$J$164-WEEKDAY($J$164,2)+30,"") -> 46623 | C174: =IF(MONTH($J$164-WEEKDAY($J$164,2)+31)=MONTH($J$164),$J$164-WEEKDAY($J$164,2)+31,"") -> 46624 | D174: =IF(MONTH($J$164-WEEKDAY($J$164,2)+32)=MONTH($J$164),$J$164-WEEKDAY($J$164,2)+32,"") -> 46625 | E174: =IF(MONTH($J$164-WEEKDAY($J$164,2)+33)=MONTH($J$164),$J$164-WEEKDAY($J$164,2)+33,"") -> 46626 | F174: =IF(MONTH($J$164-WEEKDAY($J$164,2)+34)=MONTH($J$164),$J$164-WEEKDAY($J$164,2)+34,"") -> 46627 | G174: =IF(MONTH($J$164-WEEKDAY($J$164,2)+35)=MONTH($J$164),$J$164-WEEKDAY($J$164,2)+35,"") -> 46628 | K174: =IF(A174="","",INDEX(Giorni!$M$2:$M$367,A174-Giorni!$A$2+1)) -> 2 | L174: =IF(B174="","",INDEX(Giorni!$M$2:$M$367,B174-Giorni!$A$2+1)) -> 2 | M174: =IF(C174="","",INDEX(Giorni!$M$2:$M$367,C174-Giorni!$A$2+1)) -> 2 | N174: =IF(D174="","",INDEX(Giorni!$M$2:$M$367,D174-Giorni!$A$2+1)) -> 2 | O174: =IF(E174="","",INDEX(Giorni!$M$2:$M$367,E174-Giorni!$A$2+1)) -> 2 | P174: =IF(F174="","",INDEX(Giorni!$M$2:$M$367,F174-Giorni!$A$2+1)) -> 2 | Q174: =IF(G174="","",INDEX(Giorni!$M$2:$M$367,G174-Giorni!$A$2+1)) -> 2
A176: =IF(MONTH($J$164-WEEKDAY($J$164,2)+36)=MONTH($J$164),$J$164-WEEKDAY($J$164,2)+36,"") -> 46629 | B176: =IF(MONTH($J$164-WEEKDAY($J$164,2)+37)=MONTH($J$164),$J$164-WEEKDAY($J$164,2)+37,"") -> 46630 | C176: =IF(MONTH($J$164-WEEKDAY($J$164,2)+38)=MONTH($J$164),$J$164-WEEKDAY($J$164,2)+38,"") | D176: =IF(MONTH($J$164-WEEKDAY($J$164,2)+39)=MONTH($J$164),$J$164-WEEKDAY($J$164,2)+39,"") | E176: =IF(MONTH($J$164-WEEKDAY($J$164,2)+40)=MONTH($J$164),$J$164-WEEKDAY($J$164,2)+40,"") | F176: =IF(MONTH($J$164-WEEKDAY($J$164,2)+41)=MONTH($J$164),$J$164-WEEKDAY($J$164,2)+41,"") | G176: =IF(MONTH($J$164-WEEKDAY($J$164,2)+42)=MONTH($J$164),$J$164-WEEKDAY($J$164,2)+42,"") | K176: =IF(A176="","",INDEX(Giorni!$M$2:$M$367,A176-Giorni!$A$2+1)) -> 2 | L176: =IF(B176="","",INDEX(Giorni!$M$2:$M$367,B176-Giorni!$A$2+1)) -> 2 | M176: =IF(C176="","",INDEX(Giorni!$M$2:$M$367,C176-Giorni!$A$2+1)) | N176: =IF(D176="","",INDEX(Giorni!$M$2:$M$367,D176-Giorni!$A$2+1)) | O176: =IF(E176="","",INDEX(Giorni!$M$2:$M$367,E176-Giorni!$A$2+1)) | P176: =IF(F176="","",INDEX(Giorni!$M$2:$M$367,F176-Giorni!$A$2+1)) | Q176: =IF(G176="","",INDEX(Giorni!$M$2:$M$367,G176-Giorni!$A$2+1))
...

Sheet Riepilogo
A1: RIEPILOGO
A3: PERIODO E BASE DI CALCOLO
A4: Inizio periodo | B4: =Impostazioni!$B$4 -> 46296
A5: Fine periodo | B5: =Impostazioni!$B$5 -> 46660
A6: Data usata nei calcoli | B6: =Impostazioni!$B$8 -> 46298 | C6: Oggi, salvo data di riferimento in Impostazioni
A7: Giorni di calendario del periodo | B7: =B5-B4+1 -> 365
A8: Giorni esclusi (festività e chiusure) | B8: =B7-B9 -> 53 | C8: Unione senza doppi conteggi
A9: Giorni validi (base del 56%) | B9: =SUM(Giorni!$F$2:$F$367) -> 312 | C9: Weekend inclusi
A10: Soglia minima di presenza | B10: =Impostazioni!$B$6 -> 0.56
A11: Presenze minime richieste | B11: =ROUNDUP(ROUND(B10*B9,6),0) -> 175 | C11: Arrotondato per eccesso
A12: Assenze massime consentite | B12: =B9-B11 -> 137
A14: STATO ATTUALE
A15: Assenze usate (non giustificate) | B15: =SUM(Giorni!$J$2:$J$367) -> 0
A16: Assenze giustificate (valgono come presenza) | B16: =SUM(Giorni!$K$2:$K$367) -> 0 | C16: Non riducono le assenze rimanenti
A17: ASSENZE RIMANENTI TOTALI | B17: =B12-B15 -> 137 | C17: Negativo = soglia superata
A18: Giorni validi rimanenti (da oggi incluso) | B18: =SUM(Giorni!$L$2:$L$367) -> 310
A19: Giorni validi trascorsi | B19: =B9-B18 -> 2
A20: Assenze usate nei giorni trascorsi | B20: =SUMIFS(Giorni!$J$2:$J$367,Giorni!$A$2:$A$367,"<"&B6) -> 0
A21: Presenze finora | B21: =B19-B20 -> 2 | C21: Ogni giorno valido trascorso senza assenza
A22: % presenza finora | B22: =IF(B19=0,"-",B21/B19) -> 1 | C22: Sui giorni validi trascorsi
A23: Presenze a fine periodo (se da oggi sempre presente) | B23: =B9-B15 -> 312 | C23: Da confrontare con le presenze minime
A24: % presenza a fine periodo (se da oggi sempre presente) | B24: =IF(B9=0,0,B23/B9) -> 1 | C24: Da confrontare con la soglia
A25: Margine sulla soglia (punti percentuali) | B25: =B24-B10 -> 0.44 | C25: Positivo = sopra la soglia
A27: PROIEZIONE MENSILE
A28: Mesi rimanenti (con frazioni) | B28: =Mesi!G17 -> 10.935484 | C28: Frazione del mese corrente + mesi interi successivi
A29: ASSENZE MENSILI RIMANENTI | B29: =IF(B28=0,0,ROUND(MAX(0,B17)/B28,4)) -> 12.528 | C29: Assenze rimanenti ÷ mesi rimanenti
A30: Base della frazione di mese | B30: =Impostazioni!$B$9 -> Giorni validi | C30: Modificabile in Impostazioni

Sheet Mesi
A1: DETTAGLIO MENSILE
A2: Presenze = giorni validi − assenze (le giustificate valgono come presenza). Peso residuo = parte del mese ancora da vivere (serve per la proiezione mensile).
A4: Mese | B4: Giorni validi | C4: Assenze | D4: Giustificate | E4: Presenze | F4: % presenza | G4: Peso residuo
A5: =CHOOSE(MONTH(H5),"Gennaio","Febbraio","Marzo","Aprile","Maggio","Giugno","Luglio","Agosto","Settembre","Ottobre","Novembre","Dicembre")&" "&YEAR(H5) -> Ottobre 2026 | B5: =SUMIFS(Giorni!$F$2:$F$367,Giorni!$B$2:$B$367,H5) -> 31 | C5: =SUMIFS(Giorni!$J$2:$J$367,Giorni!$B$2:$B$367,H5) -> 0 | D5: =SUMIFS(Giorni!$K$2:$K$367,Giorni!$B$2:$B$367,H5) -> 0 | E5: =B5-C5 -> 31 | F5: =IF(B5=0,"-",E5/B5) -> 1 | G5: =IF(B5=0,0,IF(Impostazioni!$B$9="Giorni di calendario",MAX(0,MIN(EOMONTH(H5,0),Impostazioni!$B$5)-MAX(H5,Impostazioni!$B$8,Impostazioni!$B$4)+1)/DAY(EOMONTH(H5,0)),SUMIFS(Giorni!$L$2:$L$367,Giorni!$B$2:$B$367,H5)/B5)) -> 0.93548387 | H5: =Impostazioni!$B$11 -> 46296
A6: =CHOOSE(MONTH(H6),"Gennaio","Febbraio","Marzo","Aprile","Maggio","Giugno","Luglio","Agosto","Settembre","Ottobre","Novembre","Dicembre")&" "&YEAR(H6) -> Novembre 2026 | B6: =SUMIFS(Giorni!$F$2:$F$367,Giorni!$B$2:$B$367,H6) -> 29 | C6: =SUMIFS(Giorni!$J$2:$J$367,Giorni!$B$2:$B$367,H6) -> 0 | D6: =SUMIFS(Giorni!$K$2:$K$367,Giorni!$B$2:$B$367,H6) -> 0 | E6: =B6-C6 -> 29 | F6: =IF(B6=0,"-",E6/B6) -> 1 | G6: =IF(B6=0,0,IF(Impostazioni!$B$9="Giorni di calendario",MAX(0,MIN(EOMONTH(H6,0),Impostazioni!$B$5)-MAX(H6,Impostazioni!$B$8,Impostazioni!$B$4)+1)/DAY(EOMONTH(H6,0)),SUMIFS(Giorni!$L$2:$L$367,Giorni!$B$2:$B$367,H6)/B6)) -> 1 | H6: =EDATE(H5,1) -> 46327
A7: =CHOOSE(MONTH(H7),"Gennaio","Febbraio","Marzo","Aprile","Maggio","Giugno","Luglio","Agosto","Settembre","Ottobre","Novembre","Dicembre")&" "&YEAR(H7) -> Dicembre 2026 | B7: =SUMIFS(Giorni!$F$2:$F$367,Giorni!$B$2:$B$367,H7) -> 21 | C7: =SUMIFS(Giorni!$J$2:$J$367,Giorni!$B$2:$B$367,H7) -> 0 | D7: =SUMIFS(Giorni!$K$2:$K$367,Giorni!$B$2:$B$367,H7) -> 0 | E7: =B7-C7 -> 21 | F7: =IF(B7=0,"-",E7/B7) -> 1 | G7: =IF(B7=0,0,IF(Impostazioni!$B$9="Giorni di calendario",MAX(0,MIN(EOMONTH(H7,0),Impostazioni!$B$5)-MAX(H7,Impostazioni!$B$8,Impostazioni!$B$4)+1)/DAY(EOMONTH(H7,0)),SUMIFS(Giorni!$L$2:$L$367,Giorni!$B$2:$B$367,H7)/B7)) -> 1 | H7: =EDATE(H6,1) -> 46357
A8: =CHOOSE(MONTH(H8),"Gennaio","Febbraio","Marzo","Aprile","Maggio","Giugno","Luglio","Agosto","Settembre","Ottobre","Novembre","Dicembre")&" "&YEAR(H8) -> Gennaio 2027 | B8: =SUMIFS(Giorni!$F$2:$F$367,Giorni!$B$2:$B$367,H8) -> 25 | C8: =SUMIFS(Giorni!$J$2:$J$367,Giorni!$B$2:$B$367,H8) -> 0 | D8: =SUMIFS(Giorni!$K$2:$K$367,Giorni!$B$2:$B$367,H8) -> 0 | E8: =B8-C8 -> 25 | F8: =IF(B8=0,"-",E8/B8) -> 1 | G8: =IF(B8=0,0,IF(Impostazioni!$B$9="Giorni di calendario",MAX(0,MIN(EOMONTH(H8,0),Impostazioni!$B$5)-MAX(H8,Impostazioni!$B$8,Impostazioni!$B$4)+1)/DAY(EOMONTH(H8,0)),SUMIFS(Giorni!$L$2:$L$367,Giorni!$B$2:$B$367,H8)/B8)) -> 1 | H8: =EDATE(H7,1) -> 46388
A9: =CHOOSE(MONTH(H9),"Gennaio","Febbraio","Marzo","Aprile","Maggio","Giugno","Luglio","Agosto","Settembre","Ottobre","Novembre","Dicembre")&" "&YEAR(H9) -> Febbraio 2027 | B9: =SUMIFS(Giorni!$F$2:$F$367,Giorni!$B$2:$B$367,H9) -> 28 | C9: =SUMIFS(Giorni!$J$2:$J$367,Giorni!$B$2:$B$367,H9) -> 0 | D9: =SUMIFS(Giorni!$K$2:$K$367,Giorni!$B$2:$B$367,H9) -> 0 | E9: =B9-C9 -> 28 | F9: =IF(B9=0,"-",E9/B9) -> 1 | G9: =IF(B9=0,0,IF(Impostazioni!$B$9="Giorni di calendario",MAX(0,MIN(EOMONTH(H9,0),Impostazioni!$B$5)-MAX(H9,Impostazioni!$B$8,Impostazioni!$B$4)+1)/DAY(EOMONTH(H9,0)),SUMIFS(Giorni!$L$2:$L$367,Giorni!$B$2:$B$367,H9)/B9)) -> 1 | H9: =EDATE(H8,1) -> 46419
A10: =CHOOSE(MONTH(H10),"Gennaio","Febbraio","Marzo","Aprile","Maggio","Giugno","Luglio","Agosto","Settembre","Ottobre","Novembre","Dicembre")&" "&YEAR(H10) -> Marzo 2027 | B10: =SUMIFS(Giorni!$F$2:$F$367,Giorni!$B$2:$B$367,H10) -> 29 | C10: =SUMIFS(Giorni!$J$2:$J$367,Giorni!$B$2:$B$367,H10) -> 0 | D10: =SUMIFS(Giorni!$K$2:$K$367,Giorni!$B$2:$B$367,H10) -> 0 | E10: =B10-C10 -> 29 | F10: =IF(B10=0,"-",E10/B10) -> 1 | G10: =IF(B10=0,0,IF(Impostazioni!$B$9="Giorni di calendario",MAX(0,MIN(EOMONTH(H10,0),Impostazioni!$B$5)-MAX(H10,Impostazioni!$B$8,Impostazioni!$B$4)+1)/DAY(EOMONTH(H10,0)),SUMIFS(Giorni!$L$2:$L$367,Giorni!$B$2:$B$367,H10)/B10)) -> 1 | H10: =EDATE(H9,1) -> 46447
A11: =CHOOSE(MONTH(H11),"Gennaio","Febbraio","Marzo","Aprile","Maggio","Giugno","Luglio","Agosto","Settembre","Ottobre","Novembre","Dicembre")&" "&YEAR(H11) -> Aprile 2027 | B11: =SUMIFS(Giorni!$F$2:$F$367,Giorni!$B$2:$B$367,H11) -> 29 | C11: =SUMIFS(Giorni!$J$2:$J$367,Giorni!$B$2:$B$367,H11) -> 0 | D11: =SUMIFS(Giorni!$K$2:$K$367,Giorni!$B$2:$B$367,H11) -> 0 | E11: =B11-C11 -> 29 | F11: =IF(B11=0,"-",E11/B11) -> 1 | G11: =IF(B11=0,0,IF(Impostazioni!$B$9="Giorni di calendario",MAX(0,MIN(EOMONTH(H11,0),Impostazioni!$B$5)-MAX(H11,Impostazioni!$B$8,Impostazioni!$B$4)+1)/DAY(EOMONTH(H11,0)),SUMIFS(Giorni!$L$2:$L$367,Giorni!$B$2:$B$367,H11)/B11)) -> 1 | H11: =EDATE(H10,1) -> 46478
A12: =CHOOSE(MONTH(H12),"Gennaio","Febbraio","Marzo","Aprile","Maggio","Giugno","Luglio","Agosto","Settembre","Ottobre","Novembre","Dicembre")&" "&YEAR(H12) -> Maggio 2027 | B12: =SUMIFS(Giorni!$F$2:$F$367,Giorni!$B$2:$B$367,H12) -> 30 | C12: =SUMIFS(Giorni!$J$2:$J$367,Giorni!$B$2:$B$367,H12) -> 0 | D12: =SUMIFS(Giorni!$K$2:$K$367,Giorni!$B$2:$B$367,H12) -> 0 | E12: =B12-C12 -> 30 | F12: =IF(B12=0,"-",E12/B12) -> 1 | G12: =IF(B12=0,0,IF(Impostazioni!$B$9="Giorni di calendario",MAX(0,MIN(EOMONTH(H12,0),Impostazioni!$B$5)-MAX(H12,Impostazioni!$B$8,Impostazioni!$B$4)+1)/DAY(EOMONTH(H12,0)),SUMIFS(Giorni!$L$2:$L$367,Giorni!$B$2:$B$367,H12)/B12)) -> 1 | H12: =EDATE(H11,1) -> 46508
A13: =CHOOSE(MONTH(H13),"Gennaio","Febbraio","Marzo","Aprile","Maggio","Giugno","Luglio","Agosto","Settembre","Ottobre","Novembre","Dicembre")&" "&YEAR(H13) -> Giugno 2027 | B13: =SUMIFS(Giorni!$F$2:$F$367,Giorni!$B$2:$B$367,H13) -> 29 | C13: =SUMIFS(Giorni!$J$2:$J$367,Giorni!$B$2:$B$367,H13) -> 0 | D13: =SUMIFS(Giorni!$K$2:$K$367,Giorni!$B$2:$B$367,H13) -> 0 | E13: =B13-C13 -> 29 | F13: =IF(B13=0,"-",E13/B13) -> 1 | G13: =IF(B13=0,0,IF(Impostazioni!$B$9="Giorni di calendario",MAX(0,MIN(EOMONTH(H13,0),Impostazioni!$B$5)-MAX(H13,Impostazioni!$B$8,Impostazioni!$B$4)+1)/DAY(EOMONTH(H13,0)),SUMIFS(Giorni!$L$2:$L$367,Giorni!$B$2:$B$367,H13)/B13)) -> 1 | H13: =EDATE(H12,1) -> 46539
A14: =CHOOSE(MONTH(H14),"Gennaio","Febbraio","Marzo","Aprile","Maggio","Giugno","Luglio","Agosto","Settembre","Ottobre","Novembre","Dicembre")&" "&YEAR(H14) -> Luglio 2027 | B14: =SUMIFS(Giorni!$F$2:$F$367,Giorni!$B$2:$B$367,H14) -> 31 | C14: =SUMIFS(Giorni!$J$2:$J$367,Giorni!$B$2:$B$367,H14) -> 0 | D14: =SUMIFS(Giorni!$K$2:$K$367,Giorni!$B$2:$B$367,H14) -> 0 | E14: =B14-C14 -> 31 | F14: =IF(B14=0,"-",E14/B14) -> 1 | G14: =IF(B14=0,0,IF(Impostazioni!$B$9="Giorni di calendario",MAX(0,MIN(EOMONTH(H14,0),Impostazioni!$B$5)-MAX(H14,Impostazioni!$B$8,Impostazioni!$B$4)+1)/DAY(EOMONTH(H14,0)),SUMIFS(Giorni!$L$2:$L$367,Giorni!$B$2:$B$367,H14)/B14)) -> 1 | H14: =EDATE(H13,1) -> 46569
A15: =CHOOSE(MONTH(H15),"Gennaio","Febbraio","Marzo","Aprile","Maggio","Giugno","Luglio","Agosto","Settembre","Ottobre","Novembre","Dicembre")&" "&YEAR(H15) -> Agosto 2027 | B15: =SUMIFS(Giorni!$F$2:$F$367,Giorni!$B$2:$B$367,H15) -> 0 | C15: =SUMIFS(Giorni!$J$2:$J$367,Giorni!$B$2:$B$367,H15) -> 0 | D15: =SUMIFS(Giorni!$K$2:$K$367,Giorni!$B$2:$B$367,H15) -> 0 | E15: =B15-C15 -> 0 | F15: =IF(B15=0,"-",E15/B15) -> - | G15: =IF(B15=0,0,IF(Impostazioni!$B$9="Giorni di calendario",MAX(0,MIN(EOMONTH(H15,0),Impostazioni!$B$5)-MAX(H15,Impostazioni!$B$8,Impostazioni!$B$4)+1)/DAY(EOMONTH(H15,0)),SUMIFS(Giorni!$L$2:$L$367,Giorni!$B$2:$B$367,H15)/B15)) -> 0 | H15: =EDATE(H14,1) -> 46600
A16: =CHOOSE(MONTH(H16),"Gennaio","Febbraio","Marzo","Aprile","Maggio","Giugno","Luglio","Agosto","Settembre","Ottobre","Novembre","Dicembre")&" "&YEAR(H16) -> Settembre 2027 | B16: =SUMIFS(Giorni!$F$2:$F$367,Giorni!$B$2:$B$367,H16) -> 30 | C16: =SUMIFS(Giorni!$J$2:$J$367,Giorni!$B$2:$B$367,H16) -> 0 | D16: =SUMIFS(Giorni!$K$2:$K$367,Giorni!$B$2:$B$367,H16) -> 0 | E16: =B16-C16 -> 30 | F16: =IF(B16=0,"-",E16/B16) -> 1 | G16: =IF(B16=0,0,IF(Impostazioni!$B$9="Giorni di calendario",MAX(0,MIN(EOMONTH(H16,0),Impostazioni!$B$5)-MAX(H16,Impostazioni!$B$8,Impostazioni!$B$4)+1)/DAY(EOMONTH(H16,0)),SUMIFS(Giorni!$L$2:$L$367,Giorni!$B$2:$B$367,H16)/B16)) -> 1 | H16: =EDATE(H15,1) -> 46631
A17: TOTALE | B17: =SUM(B5:B16) -> 312 | C17: =SUM(C5:C16) -> 0 | D17: =SUM(D5:D16) -> 0 | E17: =SUM(E5:E16) -> 312 | F17: =IF(B17=0,"-",E17/B17) -> 1 | G17: =SUM(G5:G16) -> 10.935484

Sheet Elenco
A1: ELENCO DELLE ASSENZE SEGNATE
A2: Compilato in automatico dal Calendario, in ordine di data: serve per confrontare le assenze con il registro del badge elettronico.
A3: ="Segnate: "&MAX(Giorni!$N$2:$N$367)&" · Contano come assenza: "&Riepilogo!B15&" · Giustificate valide: "&Riepilogo!B16 -> Segnate: 0 · Contano come assenza: 0 · Giustificate valide: 0
A4: N° | B4: Data | C4: Giorno | D4: Tipo | E4: Conta? | F4: Nota
A5: =IF(G5="","",1) | B5: =IF(G5="","",INDEX(Giorni!$A$2:$A$367,G5)) | C5: =IF(G5="","",CHOOSE(WEEKDAY(B5,2),"lunedì","martedì","mercoledì","giovedì","venerdì","sabato","domenica")) | D5: =IF(G5="","",IF(INDEX(Giorni!$I$2:$I$367,G5)="A","Assenza","Giustificata")) | E5: =IF(G5="","",IF(INDEX(Giorni!$F$2:$F$367,G5)=1,"Sì","No")) | F5: =IF(G5="","",IF(E5="Sì",IF(D5="Giustificata","Conta come presenza",""),IF(INDEX(Giorni!$D$2:$D$367,G5)=1,"Festività: non conta",IF(INDEX(Giorni!$E$2:$E$367,G5)=1,"Chiusura: non conta","Fuori periodo: non conta")))) | G5: =IFERROR(MATCH(1,Giorni!$N$2:$N$367,0),"")
A6: =IF(G6="","",2) | B6: =IF(G6="","",INDEX(Giorni!$A$2:$A$367,G6)) | C6: =IF(G6="","",CHOOSE(WEEKDAY(B6,2),"lunedì","martedì","mercoledì","giovedì","venerdì","sabato","domenica")) | D6: =IF(G6="","",IF(INDEX(Giorni!$I$2:$I$367,G6)="A","Assenza","Giustificata")) | E6: =IF(G6="","",IF(INDEX(Giorni!$F$2:$F$367,G6)=1,"Sì","No")) | F6: =IF(G6="","",IF(E6="Sì",IF(D6="Giustificata","Conta come presenza",""),IF(INDEX(Giorni!$D$2:$D$367,G6)=1,"Festività: non conta",IF(INDEX(Giorni!$E$2:$E$367,G6)=1,"Chiusura: non conta","Fuori periodo: non conta")))) | G6: =IFERROR(MATCH(2,Giorni!$N$2:$N$367,0),"")
A7: =IF(G7="","",3) | B7: =IF(G7="","",INDEX(Giorni!$A$2:$A$367,G7)) | C7: =IF(G7="","",CHOOSE(WEEKDAY(B7,2),"lunedì","martedì","mercoledì","giovedì","venerdì","sabato","domenica")) | D7: =IF(G7="","",IF(INDEX(Giorni!$I$2:$I$367,G7)="A","Assenza","Giustificata")) | E7: =IF(G7="","",IF(INDEX(Giorni!$F$2:$F$367,G7)=1,"Sì","No")) | F7: =IF(G7="","",IF(E7="Sì",IF(D7="Giustificata","Conta come presenza",""),IF(INDEX(Giorni!$D$2:$D$367,G7)=1,"Festività: non conta",IF(INDEX(Giorni!$E$2:$E$367,G7)=1,"Chiusura: non conta","Fuori periodo: non conta")))) | G7: =IFERROR(MATCH(3,Giorni!$N$2:$N$367,0),"")
A8: =IF(G8="","",4) | B8: =IF(G8="","",INDEX(Giorni!$A$2:$A$367,G8)) | C8: =IF(G8="","",CHOOSE(WEEKDAY(B8,2),"lunedì","martedì","mercoledì","giovedì","venerdì","sabato","domenica")) | D8: =IF(G8="","",IF(INDEX(Giorni!$I$2:$I$367,G8)="A","Assenza","Giustificata")) | E8: =IF(G8="","",IF(INDEX(Giorni!$F$2:$F$367,G8)=1,"Sì","No")) | F8: =IF(G8="","",IF(E8="Sì",IF(D8="Giustificata","Conta come presenza",""),IF(INDEX(Giorni!$D$2:$D$367,G8)=1,"Festività: non conta",IF(INDEX(Giorni!$E$2:$E$367,G8)=1,"Chiusura: non conta","Fuori periodo: non conta")))) | G8: =IFERROR(MATCH(4,Giorni!$N$2:$N$367,0),"")
A9: =IF(G9="","",5) | B9: =IF(G9="","",INDEX(Giorni!$A$2:$A$367,G9)) | C9: =IF(G9="","",CHOOSE(WEEKDAY(B9,2),"lunedì","martedì","mercoledì","giovedì","venerdì","sabato","domenica")) | D9: =IF(G9="","",IF(INDEX(Giorni!$I$2:$I$367,G9)="A","Assenza","Giustificata")) | E9: =IF(G9="","",IF(INDEX(Giorni!$F$2:$F$367,G9)=1,"Sì","No")) | F9: =IF(G9="","",IF(E9="Sì",IF(D9="Giustificata","Conta come presenza",""),IF(INDEX(Giorni!$D$2:$D$367,G9)=1,"Festività: non conta",IF(INDEX(Giorni!$E$2:$E$367,G9)=1,"Chiusura: non conta","Fuori periodo: non conta")))) | G9: =IFERROR(MATCH(5,Giorni!$N$2:$N$367,0),"")
A10: =IF(G10="","",6) | B10: =IF(G10="","",INDEX(Giorni!$A$2:$A$367,G10)) | C10: =IF(G10="","",CHOOSE(WEEKDAY(B10,2),"lunedì","martedì","mercoledì","giovedì","venerdì","sabato","domenica")) | D10: =IF(G10="","",IF(INDEX(Giorni!$I$2:$I$367,G10)="A","Assenza","Giustificata")) | E10: =IF(G10="","",IF(INDEX(Giorni!$F$2:$F$367,G10)=1,"Sì","No")) | F10: =IF(G10="","",IF(E10="Sì",IF(D10="Giustificata","Conta come presenza",""),IF(INDEX(Giorni!$D$2:$D$367,G10)=1,"Festività: non conta",IF(INDEX(Giorni!$E$2:$E$367,G10)=1,"Chiusura: non conta","Fuori periodo: non conta")))) | G10: =IFERROR(MATCH(6,Giorni!$N$2:$N$367,0),"")
A11: =IF(G11="","",7) | B11: =IF(G11="","",INDEX(Giorni!$A$2:$A$367,G11)) | C11: =IF(G11="","",CHOOSE(WEEKDAY(B11,2),"lunedì","martedì","mercoledì","giovedì","venerdì","sabato","domenica")) | D11: =IF(G11="","",IF(INDEX(Giorni!$I$2:$I$367,G11)="A","Assenza","Giustificata")) | E11: =IF(G11="","",IF(INDEX(Giorni!$F$2:$F$367,G11)=1,"Sì","No")) | F11: =IF(G11="","",IF(E11="Sì",IF(D11="Giustificata","Conta come presenza",""),IF(INDEX(Giorni!$D$2:$D$367,G11)=1,"Festività: non conta",IF(INDEX(Giorni!$E$2:$E$367,G11)=1,"Chiusura: non conta","Fuori periodo: non conta")))) | G11: =IFERROR(MATCH(7,Giorni!$N$2:$N$367,0),"")
A12: =IF(G12="","",8) | B12: =IF(G12="","",INDEX(Giorni!$A$2:$A$367,G12)) | C12: =IF(G12="","",CHOOSE(WEEKDAY(B12,2),"lunedì","martedì","mercoledì","giovedì","venerdì","sabato","domenica")) | D12: =IF(G12="","",IF(INDEX(Giorni!$I$2:$I$367,G12)="A","Assenza","Giustificata")) | E12: =IF(G12="","",IF(INDEX(Giorni!$F$2:$F$367,G12)=1,"Sì","No")) | F12: =IF(G12="","",IF(E12="Sì",IF(D12="Giustificata","Conta come presenza",""),IF(INDEX(Giorni!$D$2:$D$367,G12)=1,"Festività: non conta",IF(INDEX(Giorni!$E$2:$E$367,G12)=1,"Chiusura: non conta","Fuori periodo: non conta")))) | G12: =IFERROR(MATCH(8,Giorni!$N$2:$N$367,0),"")
A13: =IF(G13="","",9) | B13: =IF(G13="","",INDEX(Giorni!$A$2:$A$367,G13)) | C13: =IF(G13="","",CHOOSE(WEEKDAY(B13,2),"lunedì","martedì","mercoledì","giovedì","venerdì","sabato","domenica")) | D13: =IF(G13="","",IF(INDEX(Giorni!$I$2:$I$367,G13)="A","Assenza","Giustificata")) | E13: =IF(G13="","",IF(INDEX(Giorni!$F$2:$F$367,G13)=1,"Sì","No")) | F13: =IF(G13="","",IF(E13="Sì",IF(D13="Giustificata","Conta come presenza",""),IF(INDEX(Giorni!$D$2:$D$367,G13)=1,"Festività: non conta",IF(INDEX(Giorni!$E$2:$E$367,G13)=1,"Chiusura: non conta","Fuori periodo: non conta")))) | G13: =IFERROR(MATCH(9,Giorni!$N$2:$N$367,0),"")
A14: =IF(G14="","",10) | B14: =IF(G14="","",INDEX(Giorni!$A$2:$A$367,G14)) | C14: =IF(G14="","",CHOOSE(WEEKDAY(B14,2),"lunedì","martedì","mercoledì","giovedì","venerdì","sabato","domenica")) | D14: =IF(G14="","",IF(INDEX(Giorni!$I$2:$I$367,G14)="A","Assenza","Giustificata")) | E14: =IF(G14="","",IF(INDEX(Giorni!$F$2:$F$367,G14)=1,"Sì","No")) | F14: =IF(G14="","",IF(E14="Sì",IF(D14="Giustificata","Conta come presenza",""),IF(INDEX(Giorni!$D$2:$D$367,G14)=1,"Festività: non conta",IF(INDEX(Giorni!$E$2:$E$367,G14)=1,"Chiusura: non conta","Fuori periodo: non conta")))) | G14: =IFERROR(MATCH(10,Giorni!$N$2:$N$367,0),"")
A15: =IF(G15="","",11) | B15: =IF(G15="","",INDEX(Giorni!$A$2:$A$367,G15)) | C15: =IF(G15="","",CHOOSE(WEEKDAY(B15,2),"lunedì","martedì","mercoledì","giovedì","venerdì","sabato","domenica")) | D15: =IF(G15="","",IF(INDEX(Giorni!$I$2:$I$367,G15)="A","Assenza","Giustificata")) | E15: =IF(G15="","",IF(INDEX(Giorni!$F$2:$F$367,G15)=1,"Sì","No")) | F15: =IF(G15="","",IF(E15="Sì",IF(D15="Giustificata","Conta come presenza",""),IF(INDEX(Giorni!$D$2:$D$367,G15)=1,"Festività: non conta",IF(INDEX(Giorni!$E$2:$E$367,G15)=1,"Chiusura: non conta","Fuori periodo: non conta")))) | G15: =IFERROR(MATCH(11,Giorni!$N$2:$N$367,0),"")
A16: =IF(G16="","",12) | B16: =IF(G16="","",INDEX(Giorni!$A$2:$A$367,G16)) | C16: =IF(G16="","",CHOOSE(WEEKDAY(B16,2),"lunedì","martedì","mercoledì","giovedì","venerdì","sabato","domenica")) | D16: =IF(G16="","",IF(INDEX(Giorni!$I$2:$I$367,G16)="A","Assenza","Giustificata")) | E16: =IF(G16="","",IF(INDEX(Giorni!$F$2:$F$367,G16)=1,"Sì","No")) | F16: =IF(G16="","",IF(E16="Sì",IF(D16="Giustificata","Conta come presenza",""),IF(INDEX(Giorni!$D$2:$D$367,G16)=1,"Festività: non conta",IF(INDEX(Giorni!$E$2:$E$367,G16)=1,"Chiusura: non conta","Fuori periodo: non conta")))) | G16: =IFERROR(MATCH(12,Giorni!$N$2:$N$367,0),"")
A17: =IF(G17="","",13) | B17: =IF(G17="","",INDEX(Giorni!$A$2:$A$367,G17)) | C17: =IF(G17="","",CHOOSE(WEEKDAY(B17,2),"lunedì","martedì","mercoledì","giovedì","venerdì","sabato","domenica")) | D17: =IF(G17="","",IF(INDEX(Giorni!$I$2:$I$367,G17)="A","Assenza","Giustificata")) | E17: =IF(G17="","",IF(INDEX(Giorni!$F$2:$F$367,G17)=1,"Sì","No")) | F17: =IF(G17="","",IF(E17="Sì",IF(D17="Giustificata","Conta come presenza",""),IF(INDEX(Giorni!$D$2:$D$367,G17)=1,"Festività: non conta",IF(INDEX(Giorni!$E$2:$E$367,G17)=1,"Chiusura: non conta","Fuori periodo: non conta")))) | G17: =IFERROR(MATCH(13,Giorni!$N$2:$N$367,0),"")
A18: =IF(G18="","",14) | B18: =IF(G18="","",INDEX(Giorni!$A$2:$A$367,G18)) | C18: =IF(G18="","",CHOOSE(WEEKDAY(B18,2),"lunedì","martedì","mercoledì","giovedì","venerdì","sabato","domenica")) | D18: =IF(G18="","",IF(INDEX(Giorni!$I$2:$I$367,G18)="A","Assenza","Giustificata")) | E18: =IF(G18="","",IF(INDEX(Giorni!$F$2:$F$367,G18)=1,"Sì","No")) | F18: =IF(G18="","",IF(E18="Sì",IF(D18="Giustificata","Conta come presenza",""),IF(INDEX(Giorni!$D$2:$D$367,G18)=1,"Festività: non conta",IF(INDEX(Giorni!$E$2:$E$367,G18)=1,"Chiusura: non conta","Fuori periodo: non conta")))) | G18: =IFERROR(MATCH(14,Giorni!$N$2:$N$367,0),"")
A19: =IF(G19="","",15) | B19: =IF(G19="","",INDEX(Giorni!$A$2:$A$367,G19)) | C19: =IF(G19="","",CHOOSE(WEEKDAY(B19,2),"lunedì","martedì","mercoledì","giovedì","venerdì","sabato","domenica")) | D19: =IF(G19="","",IF(INDEX(Giorni!$I$2:$I$367,G19)="A","Assenza","Giustificata")) | E19: =IF(G19="","",IF(INDEX(Giorni!$F$2:$F$367,G19)=1,"Sì","No")) | F19: =IF(G19="","",IF(E19="Sì",IF(D19="Giustificata","Conta come presenza",""),IF(INDEX(Giorni!$D$2:$D$367,G19)=1,"Festività: non conta",IF(INDEX(Giorni!$E$2:$E$367,G19)=1,"Chiusura: non conta","Fuori periodo: non conta")))) | G19: =IFERROR(MATCH(15,Giorni!$N$2:$N$367,0),"")
A20: =IF(G20="","",16) | B20: =IF(G20="","",INDEX(Giorni!$A$2:$A$367,G20)) | C20: =IF(G20="","",CHOOSE(WEEKDAY(B20,2),"lunedì","martedì","mercoledì","giovedì","venerdì","sabato","domenica")) | D20: =IF(G20="","",IF(INDEX(Giorni!$I$2:$I$367,G20)="A","Assenza","Giustificata")) | E20: =IF(G20="","",IF(INDEX(Giorni!$F$2:$F$367,G20)=1,"Sì","No")) | F20: =IF(G20="","",IF(E20="Sì",IF(D20="Giustificata","Conta come presenza",""),IF(INDEX(Giorni!$D$2:$D$367,G20)=1,"Festività: non conta",IF(INDEX(Giorni!$E$2:$E$367,G20)=1,"Chiusura: non conta","Fuori periodo: non conta")))) | G20: =IFERROR(MATCH(16,Giorni!$N$2:$N$367,0),"")
A21: =IF(G21="","",17) | B21: =IF(G21="","",INDEX(Giorni!$A$2:$A$367,G21)) | C21: =IF(G21="","",CHOOSE(WEEKDAY(B21,2),"lunedì","martedì","mercoledì","giovedì","venerdì","sabato","domenica")) | D21: =IF(G21="","",IF(INDEX(Giorni!$I$2:$I$367,G21)="A","Assenza","Giustificata")) | E21: =IF(G21="","",IF(INDEX(Giorni!$F$2:$F$367,G21)=1,"Sì","No")) | F21: =IF(G21="","",IF(E21="Sì",IF(D21="Giustificata","Conta come presenza",""),IF(INDEX(Giorni!$D$2:$D$367,G21)=1,"Festività: non conta",IF(INDEX(Giorni!$E$2:$E$367,G21)=1,"Chiusura: non conta","Fuori periodo: non conta")))) | G21: =IFERROR(MATCH(17,Giorni!$N$2:$N$367,0),"")
A22: =IF(G22="","",18) | B22: =IF(G22="","",INDEX(Giorni!$A$2:$A$367,G22)) | C22: =IF(G22="","",CHOOSE(WEEKDAY(B22,2),"lunedì","martedì","mercoledì","giovedì","venerdì","sabato","domenica")) | D22: =IF(G22="","",IF(INDEX(Giorni!$I$2:$I$367,G22)="A","Assenza","Giustificata")) | E22: =IF(G22="","",IF(INDEX(Giorni!$F$2:$F$367,G22)=1,"Sì","No")) | F22: =IF(G22="","",IF(E22="Sì",IF(D22="Giustificata","Conta come presenza",""),IF(INDEX(Giorni!$D$2:$D$367,G22)=1,"Festività: non conta",IF(INDEX(Giorni!$E$2:$E$367,G22)=1,"Chiusura: non conta","Fuori periodo: non conta")))) | G22: =IFERROR(MATCH(18,Giorni!$N$2:$N$367,0),"")
A23: =IF(G23="","",19) | B23: =IF(G23="","",INDEX(Giorni!$A$2:$A$367,G23)) | C23: =IF(G23="","",CHOOSE(WEEKDAY(B23,2),"lunedì","martedì","mercoledì","giovedì","venerdì","sabato","domenica")) | D23: =IF(G23="","",IF(INDEX(Giorni!$I$2:$I$367,G23)="A","Assenza","Giustificata")) | E23: =IF(G23="","",IF(INDEX(Giorni!$F$2:$F$367,G23)=1,"Sì","No")) | F23: =IF(G23="","",IF(E23="Sì",IF(D23="Giustificata","Conta come presenza",""),IF(INDEX(Giorni!$D$2:$D$367,G23)=1,"Festività: non conta",IF(INDEX(Giorni!$E$2:$E$367,G23)=1,"Chiusura: non conta","Fuori periodo: non conta")))) | G23: =IFERROR(MATCH(19,Giorni!$N$2:$N$367,0),"")
A24: =IF(G24="","",20) | B24: =IF(G24="","",INDEX(Giorni!$A$2:$A$367,G24)) | C24: =IF(G24="","",CHOOSE(WEEKDAY(B24,2),"lunedì","martedì","mercoledì","giovedì","venerdì","sabato","domenica")) | D24: =IF(G24="","",IF(INDEX(Giorni!$I$2:$I$367,G24)="A","Assenza","Giustificata")) | E24: =IF(G24="","",IF(INDEX(Giorni!$F$2:$F$367,G24)=1,"Sì","No")) | F24: =IF(G24="","",IF(E24="Sì",IF(D24="Giustificata","Conta come presenza",""),IF(INDEX(Giorni!$D$2:$D$367,G24)=1,"Festività: non conta",IF(INDEX(Giorni!$E$2:$E$367,G24)=1,"Chiusura: non conta","Fuori periodo: non conta")))) | G24: =IFERROR(MATCH(20,Giorni!$N$2:$N$367,0),"")
A25: =IF(G25="","",21) | B25: =IF(G25="","",INDEX(Giorni!$A$2:$A$367,G25)) | C25: =IF(G25="","",CHOOSE(WEEKDAY(B25,2),"lunedì","martedì","mercoledì","giovedì","venerdì","sabato","domenica")) | D25: =IF(G25="","",IF(INDEX(Giorni!$I$2:$I$367,G25)="A","Assenza","Giustificata")) | E25: =IF(G25="","",IF(INDEX(Giorni!$F$2:$F$367,G25)=1,"Sì","No")) | F25: =IF(G25="","",IF(E25="Sì",IF(D25="Giustificata","Conta come presenza",""),IF(INDEX(Giorni!$D$2:$D$367,G25)=1,"Festività: non conta",IF(INDEX(Giorni!$E$2:$E$367,G25)=1,"Chiusura: non conta","Fuori periodo: non conta")))) | G25: =IFERROR(MATCH(21,Giorni!$N$2:$N$367,0),"")
A26: =IF(G26="","",22) | B26: =IF(G26="","",INDEX(Giorni!$A$2:$A$367,G26)) | C26: =IF(G26="","",CHOOSE(WEEKDAY(B26,2),"lunedì","martedì","mercoledì","giovedì","venerdì","sabato","domenica")) | D26: =IF(G26="","",IF(INDEX(Giorni!$I$2:$I$367,G26)="A","Assenza","Giustificata")) | E26: =IF(G26="","",IF(INDEX(Giorni!$F$2:$F$367,G26)=1,"Sì","No")) | F26: =IF(G26="","",IF(E26="Sì",IF(D26="Giustificata","Conta come presenza",""),IF(INDEX(Giorni!$D$2:$D$367,G26)=1,"Festività: non conta",IF(INDEX(Giorni!$E$2:$E$367,G26)=1,"Chiusura: non conta","Fuori periodo: non conta")))) | G26: =IFERROR(MATCH(22,Giorni!$N$2:$N$367,0),"")
A27: =IF(G27="","",23) | B27: =IF(G27="","",INDEX(Giorni!$A$2:$A$367,G27)) | C27: =IF(G27="","",CHOOSE(WEEKDAY(B27,2),"lunedì","martedì","mercoledì","giovedì","venerdì","sabato","domenica")) | D27: =IF(G27="","",IF(INDEX(Giorni!$I$2:$I$367,G27)="A","Assenza","Giustificata")) | E27: =IF(G27="","",IF(INDEX(Giorni!$F$2:$F$367,G27)=1,"Sì","No")) | F27: =IF(G27="","",IF(E27="Sì",IF(D27="Giustificata","Conta come presenza",""),IF(INDEX(Giorni!$D$2:$D$367,G27)=1,"Festività: non conta",IF(INDEX(Giorni!$E$2:$E$367,G27)=1,"Chiusura: non conta","Fuori periodo: non conta")))) | G27: =IFERROR(MATCH(23,Giorni!$N$2:$N$367,0),"")
A28: =IF(G28="","",24) | B28: =IF(G28="","",INDEX(Giorni!$A$2:$A$367,G28)) | C28: =IF(G28="","",CHOOSE(WEEKDAY(B28,2),"lunedì","martedì","mercoledì","giovedì","venerdì","sabato","domenica")) | D28: =IF(G28="","",IF(INDEX(Giorni!$I$2:$I$367,G28)="A","Assenza","Giustificata")) | E28: =IF(G28="","",IF(INDEX(Giorni!$F$2:$F$367,G28)=1,"Sì","No")) | F28: =IF(G28="","",IF(E28="Sì",IF(D28="Giustificata","Conta come presenza",""),IF(INDEX(Giorni!$D$2:$D$367,G28)=1,"Festività: non conta",IF(INDEX(Giorni!$E$2:$E$367,G28)=1,"Chiusura: non conta","Fuori periodo: non conta")))) | G28: =IFERROR(MATCH(24,Giorni!$N$2:$N$367,0),"")
A29: =IF(G29="","",25) | B29: =IF(G29="","",INDEX(Giorni!$A$2:$A$367,G29)) | C29: =IF(G29="","",CHOOSE(WEEKDAY(B29,2),"lunedì","martedì","mercoledì","giovedì","venerdì","sabato","domenica")) | D29: =IF(G29="","",IF(INDEX(Giorni!$I$2:$I$367,G29)="A","Assenza","Giustificata")) | E29: =IF(G29="","",IF(INDEX(Giorni!$F$2:$F$367,G29)=1,"Sì","No")) | F29: =IF(G29="","",IF(E29="Sì",IF(D29="Giustificata","Conta come presenza",""),IF(INDEX(Giorni!$D$2:$D$367,G29)=1,"Festività: non conta",IF(INDEX(Giorni!$E$2:$E$367,G29)=1,"Chiusura: non conta","Fuori periodo: non conta")))) | G29: =IFERROR(MATCH(25,Giorni!$N$2:$N$367,0),"")
A30: =IF(G30="","",26) | B30: =IF(G30="","",INDEX(Giorni!$A$2:$A$367,G30)) | C30: =IF(G30="","",CHOOSE(WEEKDAY(B30,2),"lunedì","martedì","mercoledì","giovedì","venerdì","sabato","domenica")) | D30: =IF(G30="","",IF(INDEX(Giorni!$I$2:$I$367,G30)="A","Assenza","Giustificata")) | E30: =IF(G30="","",IF(INDEX(Giorni!$F$2:$F$367,G30)=1,"Sì","No")) | F30: =IF(G30="","",IF(E30="Sì",IF(D30="Giustificata","Conta come presenza",""),IF(INDEX(Giorni!$D$2:$D$367,G30)=1,"Festività: non conta",IF(INDEX(Giorni!$E$2:$E$367,G30)=1,"Chiusura: non conta","Fuori periodo: non conta")))) | G30: =IFERROR(MATCH(26,Giorni!$N$2:$N$367,0),"")
A31: =IF(G31="","",27) | B31: =IF(G31="","",INDEX(Giorni!$A$2:$A$367,G31)) | C31: =IF(G31="","",CHOOSE(WEEKDAY(B31,2),"lunedì","martedì","mercoledì","giovedì","venerdì","sabato","domenica")) | D31: =IF(G31="","",IF(INDEX(Giorni!$I$2:$I$367,G31)="A","Assenza","Giustificata")) | E31: =IF(G31="","",IF(INDEX(Giorni!$F$2:$F$367,G31)=1,"Sì","No")) | F31: =IF(G31="","",IF(E31="Sì",IF(D31="Giustificata","Conta come presenza",""),IF(INDEX(Giorni!$D$2:$D$367,G31)=1,"Festività: non conta",IF(INDEX(Giorni!$E$2:$E$367,G31)=1,"Chiusura: non conta","Fuori periodo: non conta")))) | G31: =IFERROR(MATCH(27,Giorni!$N$2:$N$367,0),"")
A32: =IF(G32="","",28) | B32: =IF(G32="","",INDEX(Giorni!$A$2:$A$367,G32)) | C32: =IF(G32="","",CHOOSE(WEEKDAY(B32,2),"lunedì","martedì","mercoledì","giovedì","venerdì","sabato","domenica")) | D32: =IF(G32="","",IF(INDEX(Giorni!$I$2:$I$367,G32)="A","Assenza","Giustificata")) | E32: =IF(G32="","",IF(INDEX(Giorni!$F$2:$F$367,G32)=1,"Sì","No")) | F32: =IF(G32="","",IF(E32="Sì",IF(D32="Giustificata","Conta come presenza",""),IF(INDEX(Giorni!$D$2:$D$367,G32)=1,"Festività: non conta",IF(INDEX(Giorni!$E$2:$E$367,G32)=1,"Chiusura: non conta","Fuori periodo: non conta")))) | G32: =IFERROR(MATCH(28,Giorni!$N$2:$N$367,0),"")
A33: =IF(G33="","",29) | B33: =IF(G33="","",INDEX(Giorni!$A$2:$A$367,G33)) | C33: =IF(G33="","",CHOOSE(WEEKDAY(B33,2),"lunedì","martedì","mercoledì","giovedì","venerdì","sabato","domenica")) | D33: =IF(G33="","",IF(INDEX(Giorni!$I$2:$I$367,G33)="A","Assenza","Giustificata")) | E33: =IF(G33="","",IF(INDEX(Giorni!$F$2:$F$367,G33)=1,"Sì","No")) | F33: =IF(G33="","",IF(E33="Sì",IF(D33="Giustificata","Conta come presenza",""),IF(INDEX(Giorni!$D$2:$D$367,G33)=1,"Festività: non conta",IF(INDEX(Giorni!$E$2:$E$367,G33)=1,"Chiusura: non conta","Fuori periodo: non conta")))) | G33: =IFERROR(MATCH(29,Giorni!$N$2:$N$367,0),"")
A34: =IF(G34="","",30) | B34: =IF(G34="","",INDEX(Giorni!$A$2:$A$367,G34)) | C34: =IF(G34="","",CHOOSE(WEEKDAY(B34,2),"lunedì","martedì","mercoledì","giovedì","venerdì","sabato","domenica")) | D34: =IF(G34="","",IF(INDEX(Giorni!$I$2:$I$367,G34)="A","Assenza","Giustificata")) | E34: =IF(G34="","",IF(INDEX(Giorni!$F$2:$F$367,G34)=1,"Sì","No")) | F34: =IF(G34="","",IF(E34="Sì",IF(D34="Giustificata","Conta come presenza",""),IF(INDEX(Giorni!$D$2:$D$367,G34)=1,"Festività: non conta",IF(INDEX(Giorni!$E$2:$E$367,G34)=1,"Chiusura: non conta","Fuori periodo: non conta")))) | G34: =IFERROR(MATCH(30,Giorni!$N$2:$N$367,0),"")
A35: =IF(G35="","",31) | B35: =IF(G35="","",INDEX(Giorni!$A$2:$A$367,G35)) | C35: =IF(G35="","",CHOOSE(WEEKDAY(B35,2),"lunedì","martedì","mercoledì","giovedì","venerdì","sabato","domenica")) | D35: =IF(G35="","",IF(INDEX(Giorni!$I$2:$I$367,G35)="A","Assenza","Giustificata")) | E35: =IF(G35="","",IF(INDEX(Giorni!$F$2:$F$367,G35)=1,"Sì","No")) | F35: =IF(G35="","",IF(E35="Sì",IF(D35="Giustificata","Conta come presenza",""),IF(INDEX(Giorni!$D$2:$D$367,G35)=1,"Festività: non conta",IF(INDEX(Giorni!$E$2:$E$367,G35)=1,"Chiusura: non conta","Fuori periodo: non conta")))) | G35: =IFERROR(MATCH(31,Giorni!$N$2:$N$367,0),"")
A36: =IF(G36="","",32) | B36: =IF(G36="","",INDEX(Giorni!$A$2:$A$367,G36)) | C36: =IF(G36="","",CHOOSE(WEEKDAY(B36,2),"lunedì","martedì","mercoledì","giovedì","venerdì","sabato","domenica")) | D36: =IF(G36="","",IF(INDEX(Giorni!$I$2:$I$367,G36)="A","Assenza","Giustificata")) | E36: =IF(G36="","",IF(INDEX(Giorni!$F$2:$F$367,G36)=1,"Sì","No")) | F36: =IF(G36="","",IF(E36="Sì",IF(D36="Giustificata","Conta come presenza",""),IF(INDEX(Giorni!$D$2:$D$367,G36)=1,"Festività: non conta",IF(INDEX(Giorni!$E$2:$E$367,G36)=1,"Chiusura: non conta","Fuori periodo: non conta")))) | G36: =IFERROR(MATCH(32,Giorni!$N$2:$N$367,0),"")
A37: =IF(G37="","",33) | B37: =IF(G37="","",INDEX(Giorni!$A$2:$A$367,G37)) | C37: =IF(G37="","",CHOOSE(WEEKDAY(B37,2),"lunedì","martedì","mercoledì","giovedì","venerdì","sabato","domenica")) | D37: =IF(G37="","",IF(INDEX(Giorni!$I$2:$I$367,G37)="A","Assenza","Giustificata")) | E37: =IF(G37="","",IF(INDEX(Giorni!$F$2:$F$367,G37)=1,"Sì","No")) | F37: =IF(G37="","",IF(E37="Sì",IF(D37="Giustificata","Conta come presenza",""),IF(INDEX(Giorni!$D$2:$D$367,G37)=1,"Festività: non conta",IF(INDEX(Giorni!$E$2:$E$367,G37)=1,"Chiusura: non conta","Fuori periodo: non conta")))) | G37: =IFERROR(MATCH(33,Giorni!$N$2:$N$367,0),"")
A38: =IF(G38="","",34) | B38: =IF(G38="","",INDEX(Giorni!$A$2:$A$367,G38)) | C38: =IF(G38="","",CHOOSE(WEEKDAY(B38,2),"lunedì","martedì","mercoledì","giovedì","venerdì","sabato","domenica")) | D38: =IF(G38="","",IF(INDEX(Giorni!$I$2:$I$367,G38)="A","Assenza","Giustificata")) | E38: =IF(G38="","",IF(INDEX(Giorni!$F$2:$F$367,G38)=1,"Sì","No")) | F38: =IF(G38="","",IF(E38="Sì",IF(D38="Giustificata","Conta come presenza",""),IF(INDEX(Giorni!$D$2:$D$367,G38)=1,"Festività: non conta",IF(INDEX(Giorni!$E$2:$E$367,G38)=1,"Chiusura: non conta","Fuori periodo: non conta")))) | G38: =IFERROR(MATCH(34,Giorni!$N$2:$N$367,0),"")
A39: =IF(G39="","",35) | B39: =IF(G39="","",INDEX(Giorni!$A$2:$A$367,G39)) | C39: =IF(G39="","",CHOOSE(WEEKDAY(B39,2),"lunedì","martedì","mercoledì","giovedì","venerdì","sabato","domenica")) | D39: =IF(G39="","",IF(INDEX(Giorni!$I$2:$I$367,G39)="A","Assenza","Giustificata")) | E39: =IF(G39="","",IF(INDEX(Giorni!$F$2:$F$367,G39)=1,"Sì","No")) | F39: =IF(G39="","",IF(E39="Sì",IF(D39="Giustificata","Conta come presenza",""),IF(INDEX(Giorni!$D$2:$D$367,G39)=1,"Festività: non conta",IF(INDEX(Giorni!$E$2:$E$367,G39)=1,"Chiusura: non conta","Fuori periodo: non conta")))) | G39: =IFERROR(MATCH(35,Giorni!$N$2:$N$367,0),"")
A40: =IF(G40="","",36) | B40: =IF(G40="","",INDEX(Giorni!$A$2:$A$367,G40)) | C40: =IF(G40="","",CHOOSE(WEEKDAY(B40,2),"lunedì","martedì","mercoledì","giovedì","venerdì","sabato","domenica")) | D40: =IF(G40="","",IF(INDEX(Giorni!$I$2:$I$367,G40)="A","Assenza","Giustificata")) | E40: =IF(G40="","",IF(INDEX(Giorni!$F$2:$F$367,G40)=1,"Sì","No")) | F40: =IF(G40="","",IF(E40="Sì",IF(D40="Giustificata","Conta come presenza",""),IF(INDEX(Giorni!$D$2:$D$367,G40)=1,"Festività: non conta",IF(INDEX(Giorni!$E$2:$E$367,G40)=1,"Chiusura: non conta","Fuori periodo: non conta")))) | G40: =IFERROR(MATCH(36,Giorni!$N$2:$N$367,0),"")
A41: =IF(G41="","",37) | B41: =IF(G41="","",INDEX(Giorni!$A$2:$A$367,G41)) | C41: =IF(G41="","",CHOOSE(WEEKDAY(B41,2),"lunedì","martedì","mercoledì","giovedì","venerdì","sabato","domenica")) | D41: =IF(G41="","",IF(INDEX(Giorni!$I$2:$I$367,G41)="A","Assenza","Giustificata")) | E41: =IF(G41="","",IF(INDEX(Giorni!$F$2:$F$367,G41)=1,"Sì","No")) | F41: =IF(G41="","",IF(E41="Sì",IF(D41="Giustificata","Conta come presenza",""),IF(INDEX(Giorni!$D$2:$D$367,G41)=1,"Festività: non conta",IF(INDEX(Giorni!$E$2:$E$367,G41)=1,"Chiusura: non conta","Fuori periodo: non conta")))) | G41: =IFERROR(MATCH(37,Giorni!$N$2:$N$367,0),"")
A42: =IF(G42="","",38) | B42: =IF(G42="","",INDEX(Giorni!$A$2:$A$367,G42)) | C42: =IF(G42="","",CHOOSE(WEEKDAY(B42,2),"lunedì","martedì","mercoledì","giovedì","venerdì","sabato","domenica")) | D42: =IF(G42="","",IF(INDEX(Giorni!$I$2:$I$367,G42)="A","Assenza","Giustificata")) | E42: =IF(G42="","",IF(INDEX(Giorni!$F$2:$F$367,G42)=1,"Sì","No")) | F42: =IF(G42="","",IF(E42="Sì",IF(D42="Giustificata","Conta come presenza",""),IF(INDEX(Giorni!$D$2:$D$367,G42)=1,"Festività: non conta",IF(INDEX(Giorni!$E$2:$E$367,G42)=1,"Chiusura: non conta","Fuori periodo: non conta")))) | G42: =IFERROR(MATCH(38,Giorni!$N$2:$N$367,0),"")
A43: =IF(G43="","",39) | B43: =IF(G43="","",INDEX(Giorni!$A$2:$A$367,G43)) | C43: =IF(G43="","",CHOOSE(WEEKDAY(B43,2),"lunedì","martedì","mercoledì","giovedì","venerdì","sabato","domenica")) | D43: =IF(G43="","",IF(INDEX(Giorni!$I$2:$I$367,G43)="A","Assenza","Giustificata")) | E43: =IF(G43="","",IF(INDEX(Giorni!$F$2:$F$367,G43)=1,"Sì","No")) | F43: =IF(G43="","",IF(E43="Sì",IF(D43="Giustificata","Conta come presenza",""),IF(INDEX(Giorni!$D$2:$D$367,G43)=1,"Festività: non conta",IF(INDEX(Giorni!$E$2:$E$367,G43)=1,"Chiusura: non conta","Fuori periodo: non conta")))) | G43: =IFERROR(MATCH(39,Giorni!$N$2:$N$367,0),"")
A44: =IF(G44="","",40) | B44: =IF(G44="","",INDEX(Giorni!$A$2:$A$367,G44)) | C44: =IF(G44="","",CHOOSE(WEEKDAY(B44,2),"lunedì","martedì","mercoledì","giovedì","venerdì","sabato","domenica")) | D44: =IF(G44="","",IF(INDEX(Giorni!$I$2:$I$367,G44)="A","Assenza","Giustificata")) | E44: =IF(G44="","",IF(INDEX(Giorni!$F$2:$F$367,G44)=1,"Sì","No")) | F44: =IF(G44="","",IF(E44="Sì",IF(D44="Giustificata","Conta come presenza",""),IF(INDEX(Giorni!$D$2:$D$367,G44)=1,"Festività: non conta",IF(INDEX(Giorni!$E$2:$E$367,G44)=1,"Chiusura: non conta","Fuori periodo: non conta")))) | G44: =IFERROR(MATCH(40,Giorni!$N$2:$N$367,0),"")
A45: =IF(G45="","",41) | B45: =IF(G45="","",INDEX(Giorni!$A$2:$A$367,G45)) | C45: =IF(G45="","",CHOOSE(WEEKDAY(B45,2),"lunedì","martedì","mercoledì","giovedì","venerdì","sabato","domenica")) | D45: =IF(G45="","",IF(INDEX(Giorni!$I$2:$I$367,G45)="A","Assenza","Giustificata")) | E45: =IF(G45="","",IF(INDEX(Giorni!$F$2:$F$367,G45)=1,"Sì","No")) | F45: =IF(G45="","",IF(E45="Sì",IF(D45="Giustificata","Conta come presenza",""),IF(INDEX(Giorni!$D$2:$D$367,G45)=1,"Festività: non conta",IF(INDEX(Giorni!$E$2:$E$367,G45)=1,"Chiusura: non conta","Fuori periodo: non conta")))) | G45: =IFERROR(MATCH(41,Giorni!$N$2:$N$367,0),"")
A46: =IF(G46="","",42) | B46: =IF(G46="","",INDEX(Giorni!$A$2:$A$367,G46)) | C46: =IF(G46="","",CHOOSE(WEEKDAY(B46,2),"lunedì","martedì","mercoledì","giovedì","venerdì","sabato","domenica")) | D46: =IF(G46="","",IF(INDEX(Giorni!$I$2:$I$367,G46)="A","Assenza","Giustificata")) | E46: =IF(G46="","",IF(INDEX(Giorni!$F$2:$F$367,G46)=1,"Sì","No")) | F46: =IF(G46="","",IF(E46="Sì",IF(D46="Giustificata","Conta come presenza",""),IF(INDEX(Giorni!$D$2:$D$367,G46)=1,"Festività: non conta",IF(INDEX(Giorni!$E$2:$E$367,G46)=1,"Chiusura: non conta","Fuori periodo: non conta")))) | G46: =IFERROR(MATCH(42,Giorni!$N$2:$N$367,0),"")
A47: =IF(G47="","",43) | B47: =IF(G47="","",INDEX(Giorni!$A$2:$A$367,G47)) | C47: =IF(G47="","",CHOOSE(WEEKDAY(B47,2),"lunedì","martedì","mercoledì","giovedì","venerdì","sabato","domenica")) | D47: =IF(G47="","",IF(INDEX(Giorni!$I$2:$I$367,G47)="A","Assenza","Giustificata")) | E47: =IF(G47="","",IF(INDEX(Giorni!$F$2:$F$367,G47)=1,"Sì","No")) | F47: =IF(G47="","",IF(E47="Sì",IF(D47="Giustificata","Conta come presenza",""),IF(INDEX(Giorni!$D$2:$D$367,G47)=1,"Festività: non conta",IF(INDEX(Giorni!$E$2:$E$367,G47)=1,"Chiusura: non conta","Fuori periodo: non conta")))) | G47: =IFERROR(MATCH(43,Giorni!$N$2:$N$367,0),"")
A48: =IF(G48="","",44) | B48: =IF(G48="","",INDEX(Giorni!$A$2:$A$367,G48)) | C48: =IF(G48="","",CHOOSE(WEEKDAY(B48,2),"lunedì","martedì","mercoledì","giovedì","venerdì","sabato","domenica")) | D48: =IF(G48="","",IF(INDEX(Giorni!$I$2:$I$367,G48)="A","Assenza","Giustificata")) | E48: =IF(G48="","",IF(INDEX(Giorni!$F$2:$F$367,G48)=1,"Sì","No")) | F48: =IF(G48="","",IF(E48="Sì",IF(D48="Giustificata","Conta come presenza",""),IF(INDEX(Giorni!$D$2:$D$367,G48)=1,"Festività: non conta",IF(INDEX(Giorni!$E$2:$E$367,G48)=1,"Chiusura: non conta","Fuori periodo: non conta")))) | G48: =IFERROR(MATCH(44,Giorni!$N$2:$N$367,0),"")
A49: =IF(G49="","",45) | B49: =IF(G49="","",INDEX(Giorni!$A$2:$A$367,G49)) | C49: =IF(G49="","",CHOOSE(WEEKDAY(B49,2),"lunedì","martedì","mercoledì","giovedì","venerdì","sabato","domenica")) | D49: =IF(G49="","",IF(INDEX(Giorni!$I$2:$I$367,G49)="A","Assenza","Giustificata")) | E49: =IF(G49="","",IF(INDEX(Giorni!$F$2:$F$367,G49)=1,"Sì","No")) | F49: =IF(G49="","",IF(E49="Sì",IF(D49="Giustificata","Conta come presenza",""),IF(INDEX(Giorni!$D$2:$D$367,G49)=1,"Festività: non conta",IF(INDEX(Giorni!$E$2:$E$367,G49)=1,"Chiusura: non conta","Fuori periodo: non conta")))) | G49: =IFERROR(MATCH(45,Giorni!$N$2:$N$367,0),"")
A50: =IF(G50="","",46) | B50: =IF(G50="","",INDEX(Giorni!$A$2:$A$367,G50)) | C50: =IF(G50="","",CHOOSE(WEEKDAY(B50,2),"lunedì","martedì","mercoledì","giovedì","venerdì","sabato","domenica")) | D50: =IF(G50="","",IF(INDEX(Giorni!$I$2:$I$367,G50)="A","Assenza","Giustificata")) | E50: =IF(G50="","",IF(INDEX(Giorni!$F$2:$F$367,G50)=1,"Sì","No")) | F50: =IF(G50="","",IF(E50="Sì",IF(D50="Giustificata","Conta come presenza",""),IF(INDEX(Giorni!$D$2:$D$367,G50)=1,"Festività: non conta",IF(INDEX(Giorni!$E$2:$E$367,G50)=1,"Chiusura: non conta","Fuori periodo: non conta")))) | G50: =IFERROR(MATCH(46,Giorni!$N$2:$N$367,0),"")
A51: =IF(G51="","",47) | B51: =IF(G51="","",INDEX(Giorni!$A$2:$A$367,G51)) | C51: =IF(G51="","",CHOOSE(WEEKDAY(B51,2),"lunedì","martedì","mercoledì","giovedì","venerdì","sabato","domenica")) | D51: =IF(G51="","",IF(INDEX(Giorni!$I$2:$I$367,G51)="A","Assenza","Giustificata")) | E51: =IF(G51="","",IF(INDEX(Giorni!$F$2:$F$367,G51)=1,"Sì","No")) | F51: =IF(G51="","",IF(E51="Sì",IF(D51="Giustificata","Conta come presenza",""),IF(INDEX(Giorni!$D$2:$D$367,G51)=1,"Festività: non conta",IF(INDEX(Giorni!$E$2:$E$367,G51)=1,"Chiusura: non conta","Fuori periodo: non conta")))) | G51: =IFERROR(MATCH(47,Giorni!$N$2:$N$367,0),"")
A52: =IF(G52="","",48) | B52: =IF(G52="","",INDEX(Giorni!$A$2:$A$367,G52)) | C52: =IF(G52="","",CHOOSE(WEEKDAY(B52,2),"lunedì","martedì","mercoledì","giovedì","venerdì","sabato","domenica")) | D52: =IF(G52="","",IF(INDEX(Giorni!$I$2:$I$367,G52)="A","Assenza","Giustificata")) | E52: =IF(G52="","",IF(INDEX(Giorni!$F$2:$F$367,G52)=1,"Sì","No")) | F52: =IF(G52="","",IF(E52="Sì",IF(D52="Giustificata","Conta come presenza",""),IF(INDEX(Giorni!$D$2:$D$367,G52)=1,"Festività: non conta",IF(INDEX(Giorni!$E$2:$E$367,G52)=1,"Chiusura: non conta","Fuori periodo: non conta")))) | G52: =IFERROR(MATCH(48,Giorni!$N$2:$N$367,0),"")
A53: =IF(G53="","",49) | B53: =IF(G53="","",INDEX(Giorni!$A$2:$A$367,G53)) | C53: =IF(G53="","",CHOOSE(WEEKDAY(B53,2),"lunedì","martedì","mercoledì","giovedì","venerdì","sabato","domenica")) | D53: =IF(G53="","",IF(INDEX(Giorni!$I$2:$I$367,G53)="A","Assenza","Giustificata")) | E53: =IF(G53="","",IF(INDEX(Giorni!$F$2:$F$367,G53)=1,"Sì","No")) | F53: =IF(G53="","",IF(E53="Sì",IF(D53="Giustificata","Conta come presenza",""),IF(INDEX(Giorni!$D$2:$D$367,G53)=1,"Festività: non conta",IF(INDEX(Giorni!$E$2:$E$367,G53)=1,"Chiusura: non conta","Fuori periodo: non conta")))) | G53: =IFERROR(MATCH(49,Giorni!$N$2:$N$367,0),"")
A54: =IF(G54="","",50) | B54: =IF(G54="","",INDEX(Giorni!$A$2:$A$367,G54)) | C54: =IF(G54="","",CHOOSE(WEEKDAY(B54,2),"lunedì","martedì","mercoledì","giovedì","venerdì","sabato","domenica")) | D54: =IF(G54="","",IF(INDEX(Giorni!$I$2:$I$367,G54)="A","Assenza","Giustificata")) | E54: =IF(G54="","",IF(INDEX(Giorni!$F$2:$F$367,G54)=1,"Sì","No")) | F54: =IF(G54="","",IF(E54="Sì",IF(D54="Giustificata","Conta come presenza",""),IF(INDEX(Giorni!$D$2:$D$367,G54)=1,"Festività: non conta",IF(INDEX(Giorni!$E$2:$E$367,G54)=1,"Chiusura: non conta","Fuori periodo: non conta")))) | G54: =IFERROR(MATCH(50,Giorni!$N$2:$N$367,0),"")
A55: =IF(G55="","",51) | B55: =IF(G55="","",INDEX(Giorni!$A$2:$A$367,G55)) | C55: =IF(G55="","",CHOOSE(WEEKDAY(B55,2),"lunedì","martedì","mercoledì","giovedì","venerdì","sabato","domenica")) | D55: =IF(G55="","",IF(INDEX(Giorni!$I$2:$I$367,G55)="A","Assenza","Giustificata")) | E55: =IF(G55="","",IF(INDEX(Giorni!$F$2:$F$367,G55)=1,"Sì","No")) | F55: =IF(G55="","",IF(E55="Sì",IF(D55="Giustificata","Conta come presenza",""),IF(INDEX(Giorni!$D$2:$D$367,G55)=1,"Festività: non conta",IF(INDEX(Giorni!$E$2:$E$367,G55)=1,"Chiusura: non conta","Fuori periodo: non conta")))) | G55: =IFERROR(MATCH(51,Giorni!$N$2:$N$367,0),"")
A56: =IF(G56="","",52) | B56: =IF(G56="","",INDEX(Giorni!$A$2:$A$367,G56)) | C56: =IF(G56="","",CHOOSE(WEEKDAY(B56,2),"lunedì","martedì","mercoledì","giovedì","venerdì","sabato","domenica")) | D56: =IF(G56="","",IF(INDEX(Giorni!$I$2:$I$367,G56)="A","Assenza","Giustificata")) | E56: =IF(G56="","",IF(INDEX(Giorni!$F$2:$F$367,G56)=1,"Sì","No")) | F56: =IF(G56="","",IF(E56="Sì",IF(D56="Giustificata","Conta come presenza",""),IF(INDEX(Giorni!$D$2:$D$367,G56)=1,"Festività: non conta",IF(INDEX(Giorni!$E$2:$E$367,G56)=1,"Chiusura: non conta","Fuori periodo: non conta")))) | G56: =IFERROR(MATCH(52,Giorni!$N$2:$N$367,0),"")
A57: =IF(G57="","",53) | B57: =IF(G57="","",INDEX(Giorni!$A$2:$A$367,G57)) | C57: =IF(G57="","",CHOOSE(WEEKDAY(B57,2),"lunedì","martedì","mercoledì","giovedì","venerdì","sabato","domenica")) | D57: =IF(G57="","",IF(INDEX(Giorni!$I$2:$I$367,G57)="A","Assenza","Giustificata")) | E57: =IF(G57="","",IF(INDEX(Giorni!$F$2:$F$367,G57)=1,"Sì","No")) | F57: =IF(G57="","",IF(E57="Sì",IF(D57="Giustificata","Conta come presenza",""),IF(INDEX(Giorni!$D$2:$D$367,G57)=1,"Festività: non conta",IF(INDEX(Giorni!$E$2:$E$367,G57)=1,"Chiusura: non conta","Fuori periodo: non conta")))) | G57: =IFERROR(MATCH(53,Giorni!$N$2:$N$367,0),"")
A58: =IF(G58="","",54) | B58: =IF(G58="","",INDEX(Giorni!$A$2:$A$367,G58)) | C58: =IF(G58="","",CHOOSE(WEEKDAY(B58,2),"lunedì","martedì","mercoledì","giovedì","venerdì","sabato","domenica")) | D58: =IF(G58="","",IF(INDEX(Giorni!$I$2:$I$367,G58)="A","Assenza","Giustificata")) | E58: =IF(G58="","",IF(INDEX(Giorni!$F$2:$F$367,G58)=1,"Sì","No")) | F58: =IF(G58="","",IF(E58="Sì",IF(D58="Giustificata","Conta come presenza",""),IF(INDEX(Giorni!$D$2:$D$367,G58)=1,"Festività: non conta",IF(INDEX(Giorni!$E$2:$E$367,G58)=1,"Chiusura: non conta","Fuori periodo: non conta")))) | G58: =IFERROR(MATCH(54,Giorni!$N$2:$N$367,0),"")
A59: =IF(G59="","",55) | B59: =IF(G59="","",INDEX(Giorni!$A$2:$A$367,G59)) | C59: =IF(G59="","",CHOOSE(WEEKDAY(B59,2),"lunedì","martedì","mercoledì","giovedì","venerdì","sabato","domenica")) | D59: =IF(G59="","",IF(INDEX(Giorni!$I$2:$I$367,G59)="A","Assenza","Giustificata")) | E59: =IF(G59="","",IF(INDEX(Giorni!$F$2:$F$367,G59)=1,"Sì","No")) | F59: =IF(G59="","",IF(E59="Sì",IF(D59="Giustificata","Conta come presenza",""),IF(INDEX(Giorni!$D$2:$D$367,G59)=1,"Festività: non conta",IF(INDEX(Giorni!$E$2:$E$367,G59)=1,"Chiusura: non conta","Fuori periodo: non conta")))) | G59: =IFERROR(MATCH(55,Giorni!$N$2:$N$367,0),"")
A60: =IF(G60="","",56) | B60: =IF(G60="","",INDEX(Giorni!$A$2:$A$367,G60)) | C60: =IF(G60="","",CHOOSE(WEEKDAY(B60,2),"lunedì","martedì","mercoledì","giovedì","venerdì","sabato","domenica")) | D60: =IF(G60="","",IF(INDEX(Giorni!$I$2:$I$367,G60)="A","Assenza","Giustificata")) | E60: =IF(G60="","",IF(INDEX(Giorni!$F$2:$F$367,G60)=1,"Sì","No")) | F60: =IF(G60="","",IF(E60="Sì",IF(D60="Giustificata","Conta come presenza",""),IF(INDEX(Giorni!$D$2:$D$367,G60)=1,"Festività: non conta",IF(INDEX(Giorni!$E$2:$E$367,G60)=1,"Chiusura: non conta","Fuori periodo: non conta")))) | G60: =IFERROR(MATCH(56,Giorni!$N$2:$N$367,0),"")
A61: =IF(G61="","",57) | B61: =IF(G61="","",INDEX(Giorni!$A$2:$A$367,G61)) | C61: =IF(G61="","",CHOOSE(WEEKDAY(B61,2),"lunedì","martedì","mercoledì","giovedì","venerdì","sabato","domenica")) | D61: =IF(G61="","",IF(INDEX(Giorni!$I$2:$I$367,G61)="A","Assenza","Giustificata")) | E61: =IF(G61="","",IF(INDEX(Giorni!$F$2:$F$367,G61)=1,"Sì","No")) | F61: =IF(G61="","",IF(E61="Sì",IF(D61="Giustificata","Conta come presenza",""),IF(INDEX(Giorni!$D$2:$D$367,G61)=1,"Festività: non conta",IF(INDEX(Giorni!$E$2:$E$367,G61)=1,"Chiusura: non conta","Fuori periodo: non conta")))) | G61: =IFERROR(MATCH(57,Giorni!$N$2:$N$367,0),"")
A62: =IF(G62="","",58) | B62: =IF(G62="","",INDEX(Giorni!$A$2:$A$367,G62)) | C62: =IF(G62="","",CHOOSE(WEEKDAY(B62,2),"lunedì","martedì","mercoledì","giovedì","venerdì","sabato","domenica")) | D62: =IF(G62="","",IF(INDEX(Giorni!$I$2:$I$367,G62)="A","Assenza","Giustificata")) | E62: =IF(G62="","",IF(INDEX(Giorni!$F$2:$F$367,G62)=1,"Sì","No")) | F62: =IF(G62="","",IF(E62="Sì",IF(D62="Giustificata","Conta come presenza",""),IF(INDEX(Giorni!$D$2:$D$367,G62)=1,"Festività: non conta",IF(INDEX(Giorni!$E$2:$E$367,G62)=1,"Chiusura: non conta","Fuori periodo: non conta")))) | G62: =IFERROR(MATCH(58,Giorni!$N$2:$N$367,0),"")
A63: =IF(G63="","",59) | B63: =IF(G63="","",INDEX(Giorni!$A$2:$A$367,G63)) | C63: =IF(G63="","",CHOOSE(WEEKDAY(B63,2),"lunedì","martedì","mercoledì","giovedì","venerdì","sabato","domenica")) | D63: =IF(G63="","",IF(INDEX(Giorni!$I$2:$I$367,G63)="A","Assenza","Giustificata")) | E63: =IF(G63="","",IF(INDEX(Giorni!$F$2:$F$367,G63)=1,"Sì","No")) | F63: =IF(G63="","",IF(E63="Sì",IF(D63="Giustificata","Conta come presenza",""),IF(INDEX(Giorni!$D$2:$D$367,G63)=1,"Festività: non conta",IF(INDEX(Giorni!$E$2:$E$367,G63)=1,"Chiusura: non conta","Fuori periodo: non conta")))) | G63: =IFERROR(MATCH(59,Giorni!$N$2:$N$367,0),"")
A64: =IF(G64="","",60) | B64: =IF(G64="","",INDEX(Giorni!$A$2:$A$367,G64)) | C64: =IF(G64="","",CHOOSE(WEEKDAY(B64,2),"lunedì","martedì","mercoledì","giovedì","venerdì","sabato","domenica")) | D64: =IF(G64="","",IF(INDEX(Giorni!$I$2:$I$367,G64)="A","Assenza","Giustificata")) | E64: =IF(G64="","",IF(INDEX(Giorni!$F$2:$F$367,G64)=1,"Sì","No")) | F64: =IF(G64="","",IF(E64="Sì",IF(D64="Giustificata","Conta come presenza",""),IF(INDEX(Giorni!$D$2:$D$367,G64)=1,"Festività: non conta",IF(INDEX(Giorni!$E$2:$E$367,G64)=1,"Chiusura: non conta","Fuori periodo: non conta")))) | G64: =IFERROR(MATCH(60,Giorni!$N$2:$N$367,0),"")
A65: =IF(G65="","",61) | B65: =IF(G65="","",INDEX(Giorni!$A$2:$A$367,G65)) | C65: =IF(G65="","",CHOOSE(WEEKDAY(B65,2),"lunedì","martedì","mercoledì","giovedì","venerdì","sabato","domenica")) | D65: =IF(G65="","",IF(INDEX(Giorni!$I$2:$I$367,G65)="A","Assenza","Giustificata")) | E65: =IF(G65="","",IF(INDEX(Giorni!$F$2:$F$367,G65)=1,"Sì","No")) | F65: =IF(G65="","",IF(E65="Sì",IF(D65="Giustificata","Conta come presenza",""),IF(INDEX(Giorni!$D$2:$D$367,G65)=1,"Festività: non conta",IF(INDEX(Giorni!$E$2:$E$367,G65)=1,"Chiusura: non conta","Fuori periodo: non conta")))) | G65: =IFERROR(MATCH(61,Giorni!$N$2:$N$367,0),"")
A66: =IF(G66="","",62) | B66: =IF(G66="","",INDEX(Giorni!$A$2:$A$367,G66)) | C66: =IF(G66="","",CHOOSE(WEEKDAY(B66,2),"lunedì","martedì","mercoledì","giovedì","venerdì","sabato","domenica")) | D66: =IF(G66="","",IF(INDEX(Giorni!$I$2:$I$367,G66)="A","Assenza","Giustificata")) | E66: =IF(G66="","",IF(INDEX(Giorni!$F$2:$F$367,G66)=1,"Sì","No")) | F66: =IF(G66="","",IF(E66="Sì",IF(D66="Giustificata","Conta come presenza",""),IF(INDEX(Giorni!$D$2:$D$367,G66)=1,"Festività: non conta",IF(INDEX(Giorni!$E$2:$E$367,G66)=1,"Chiusura: non conta","Fuori periodo: non conta")))) | G66: =IFERROR(MATCH(62,Giorni!$N$2:$N$367,0),"")
A67: =IF(G67="","",63) | B67: =IF(G67="","",INDEX(Giorni!$A$2:$A$367,G67)) | C67: =IF(G67="","",CHOOSE(WEEKDAY(B67,2),"lunedì","martedì","mercoledì","giovedì","venerdì","sabato","domenica")) | D67: =IF(G67="","",IF(INDEX(Giorni!$I$2:$I$367,G67)="A","Assenza","Giustificata")) | E67: =IF(G67="","",IF(INDEX(Giorni!$F$2:$F$367,G67)=1,"Sì","No")) | F67: =IF(G67="","",IF(E67="Sì",IF(D67="Giustificata","Conta come presenza",""),IF(INDEX(Giorni!$D$2:$D$367,G67)=1,"Festività: non conta",IF(INDEX(Giorni!$E$2:$E$367,G67)=1,"Chiusura: non conta","Fuori periodo: non conta")))) | G67: =IFERROR(MATCH(63,Giorni!$N$2:$N$367,0),"")
A68: =IF(G68="","",64) | B68: =IF(G68="","",INDEX(Giorni!$A$2:$A$367,G68)) | C68: =IF(G68="","",CHOOSE(WEEKDAY(B68,2),"lunedì","martedì","mercoledì","giovedì","venerdì","sabato","domenica")) | D68: =IF(G68="","",IF(INDEX(Giorni!$I$2:$I$367,G68)="A","Assenza","Giustificata")) | E68: =IF(G68="","",IF(INDEX(Giorni!$F$2:$F$367,G68)=1,"Sì","No")) | F68: =IF(G68="","",IF(E68="Sì",IF(D68="Giustificata","Conta come presenza",""),IF(INDEX(Giorni!$D$2:$D$367,G68)=1,"Festività: non conta",IF(INDEX(Giorni!$E$2:$E$367,G68)=1,"Chiusura: non conta","Fuori periodo: non conta")))) | G68: =IFERROR(MATCH(64,Giorni!$N$2:$N$367,0),"")
A69: =IF(G69="","",65) | B69: =IF(G69="","",INDEX(Giorni!$A$2:$A$367,G69)) | C69: =IF(G69="","",CHOOSE(WEEKDAY(B69,2),"lunedì","martedì","mercoledì","giovedì","venerdì","sabato","domenica")) | D69: =IF(G69="","",IF(INDEX(Giorni!$I$2:$I$367,G69)="A","Assenza","Giustificata")) | E69: =IF(G69="","",IF(INDEX(Giorni!$F$2:$F$367,G69)=1,"Sì","No")) | F69: =IF(G69="","",IF(E69="Sì",IF(D69="Giustificata","Conta come presenza",""),IF(INDEX(Giorni!$D$2:$D$367,G69)=1,"Festività: non conta",IF(INDEX(Giorni!$E$2:$E$367,G69)=1,"Chiusura: non conta","Fuori periodo: non conta")))) | G69: =IFERROR(MATCH(65,Giorni!$N$2:$N$367,0),"")
A70: =IF(G70="","",66) | B70: =IF(G70="","",INDEX(Giorni!$A$2:$A$367,G70)) | C70: =IF(G70="","",CHOOSE(WEEKDAY(B70,2),"lunedì","martedì","mercoledì","giovedì","venerdì","sabato","domenica")) | D70: =IF(G70="","",IF(INDEX(Giorni!$I$2:$I$367,G70)="A","Assenza","Giustificata")) | E70: =IF(G70="","",IF(INDEX(Giorni!$F$2:$F$367,G70)=1,"Sì","No")) | F70: =IF(G70="","",IF(E70="Sì",IF(D70="Giustificata","Conta come presenza",""),IF(INDEX(Giorni!$D$2:$D$367,G70)=1,"Festività: non conta",IF(INDEX(Giorni!$E$2:$E$367,G70)=1,"Chiusura: non conta","Fuori periodo: non conta")))) | G70: =IFERROR(MATCH(66,Giorni!$N$2:$N$367,0),"")
A71: =IF(G71="","",67) | B71: =IF(G71="","",INDEX(Giorni!$A$2:$A$367,G71)) | C71: =IF(G71="","",CHOOSE(WEEKDAY(B71,2),"lunedì","martedì","mercoledì","giovedì","venerdì","sabato","domenica")) | D71: =IF(G71="","",IF(INDEX(Giorni!$I$2:$I$367,G71)="A","Assenza","Giustificata")) | E71: =IF(G71="","",IF(INDEX(Giorni!$F$2:$F$367,G71)=1,"Sì","No")) | F71: =IF(G71="","",IF(E71="Sì",IF(D71="Giustificata","Conta come presenza",""),IF(INDEX(Giorni!$D$2:$D$367,G71)=1,"Festività: non conta",IF(INDEX(Giorni!$E$2:$E$367,G71)=1,"Chiusura: non conta","Fuori periodo: non conta")))) | G71: =IFERROR(MATCH(67,Giorni!$N$2:$N$367,0),"")
A72: =IF(G72="","",68) | B72: =IF(G72="","",INDEX(Giorni!$A$2:$A$367,G72)) | C72: =IF(G72="","",CHOOSE(WEEKDAY(B72,2),"lunedì","martedì","mercoledì","giovedì","venerdì","sabato","domenica")) | D72: =IF(G72="","",IF(INDEX(Giorni!$I$2:$I$367,G72)="A","Assenza","Giustificata")) | E72: =IF(G72="","",IF(INDEX(Giorni!$F$2:$F$367,G72)=1,"Sì","No")) | F72: =IF(G72="","",IF(E72="Sì",IF(D72="Giustificata","Conta come presenza",""),IF(INDEX(Giorni!$D$2:$D$367,G72)=1,"Festività: non conta",IF(INDEX(Giorni!$E$2:$E$367,G72)=1,"Chiusura: non conta","Fuori periodo: non conta")))) | G72: =IFERROR(MATCH(68,Giorni!$N$2:$N$367,0),"")
A73: =IF(G73="","",69) | B73: =IF(G73="","",INDEX(Giorni!$A$2:$A$367,G73)) | C73: =IF(G73="","",CHOOSE(WEEKDAY(B73,2),"lunedì","martedì","mercoledì","giovedì","venerdì","sabato","domenica")) | D73: =IF(G73="","",IF(INDEX(Giorni!$I$2:$I$367,G73)="A","Assenza","Giustificata")) | E73: =IF(G73="","",IF(INDEX(Giorni!$F$2:$F$367,G73)=1,"Sì","No")) | F73: =IF(G73="","",IF(E73="Sì",IF(D73="Giustificata","Conta come presenza",""),IF(INDEX(Giorni!$D$2:$D$367,G73)=1,"Festività: non conta",IF(INDEX(Giorni!$E$2:$E$367,G73)=1,"Chiusura: non conta","Fuori periodo: non conta")))) | G73: =IFERROR(MATCH(69,Giorni!$N$2:$N$367,0),"")
A74: =IF(G74="","",70) | B74: =IF(G74="","",INDEX(Giorni!$A$2:$A$367,G74)) | C74: =IF(G74="","",CHOOSE(WEEKDAY(B74,2),"lunedì","martedì","mercoledì","giovedì","venerdì","sabato","domenica")) | D74: =IF(G74="","",IF(INDEX(Giorni!$I$2:$I$367,G74)="A","Assenza","Giustificata")) | E74: =IF(G74="","",IF(INDEX(Giorni!$F$2:$F$367,G74)=1,"Sì","No")) | F74: =IF(G74="","",IF(E74="Sì",IF(D74="Giustificata","Conta come presenza",""),IF(INDEX(Giorni!$D$2:$D$367,G74)=1,"Festività: non conta",IF(INDEX(Giorni!$E$2:$E$367,G74)=1,"Chiusura: non conta","Fuori periodo: non conta")))) | G74: =IFERROR(MATCH(70,Giorni!$N$2:$N$367,0),"")
A75: =IF(G75="","",71) | B75: =IF(G75="","",INDEX(Giorni!$A$2:$A$367,G75)) | C75: =IF(G75="","",CHOOSE(WEEKDAY(B75,2),"lunedì","martedì","mercoledì","giovedì","venerdì","sabato","domenica")) | D75: =IF(G75="","",IF(INDEX(Giorni!$I$2:$I$367,G75)="A","Assenza","Giustificata")) | E75: =IF(G75="","",IF(INDEX(Giorni!$F$2:$F$367,G75)=1,"Sì","No")) | F75: =IF(G75="","",IF(E75="Sì",IF(D75="Giustificata","Conta come presenza",""),IF(INDEX(Giorni!$D$2:$D$367,G75)=1,"Festività: non conta",IF(INDEX(Giorni!$E$2:$E$367,G75)=1,"Chiusura: non conta","Fuori periodo: non conta")))) | G75: =IFERROR(MATCH(71,Giorni!$N$2:$N$367,0),"")
A76: =IF(G76="","",72) | B76: =IF(G76="","",INDEX(Giorni!$A$2:$A$367,G76)) | C76: =IF(G76="","",CHOOSE(WEEKDAY(B76,2),"lunedì","martedì","mercoledì","giovedì","venerdì","sabato","domenica")) | D76: =IF(G76="","",IF(INDEX(Giorni!$I$2:$I$367,G76)="A","Assenza","Giustificata")) | E76: =IF(G76="","",IF(INDEX(Giorni!$F$2:$F$367,G76)=1,"Sì","No")) | F76: =IF(G76="","",IF(E76="Sì",IF(D76="Giustificata","Conta come presenza",""),IF(INDEX(Giorni!$D$2:$D$367,G76)=1,"Festività: non conta",IF(INDEX(Giorni!$E$2:$E$367,G76)=1,"Chiusura: non conta","Fuori periodo: non conta")))) | G76: =IFERROR(MATCH(72,Giorni!$N$2:$N$367,0),"")
A77: =IF(G77="","",73) | B77: =IF(G77="","",INDEX(Giorni!$A$2:$A$367,G77)) | C77: =IF(G77="","",CHOOSE(WEEKDAY(B77,2),"lunedì","martedì","mercoledì","giovedì","venerdì","sabato","domenica")) | D77: =IF(G77="","",IF(INDEX(Giorni!$I$2:$I$367,G77)="A","Assenza","Giustificata")) | E77: =IF(G77="","",IF(INDEX(Giorni!$F$2:$F$367,G77)=1,"Sì","No")) | F77: =IF(G77="","",IF(E77="Sì",IF(D77="Giustificata","Conta come presenza",""),IF(INDEX(Giorni!$D$2:$D$367,G77)=1,"Festività: non conta",IF(INDEX(Giorni!$E$2:$E$367,G77)=1,"Chiusura: non conta","Fuori periodo: non conta")))) | G77: =IFERROR(MATCH(73,Giorni!$N$2:$N$367,0),"")
A78: =IF(G78="","",74) | B78: =IF(G78="","",INDEX(Giorni!$A$2:$A$367,G78)) | C78: =IF(G78="","",CHOOSE(WEEKDAY(B78,2),"lunedì","martedì","mercoledì","giovedì","venerdì","sabato","domenica")) | D78: =IF(G78="","",IF(INDEX(Giorni!$I$2:$I$367,G78)="A","Assenza","Giustificata")) | E78: =IF(G78="","",IF(INDEX(Giorni!$F$2:$F$367,G78)=1,"Sì","No")) | F78: =IF(G78="","",IF(E78="Sì",IF(D78="Giustificata","Conta come presenza",""),IF(INDEX(Giorni!$D$2:$D$367,G78)=1,"Festività: non conta",IF(INDEX(Giorni!$E$2:$E$367,G78)=1,"Chiusura: non conta","Fuori periodo: non conta")))) | G78: =IFERROR(MATCH(74,Giorni!$N$2:$N$367,0),"")
A79: =IF(G79="","",75) | B79: =IF(G79="","",INDEX(Giorni!$A$2:$A$367,G79)) | C79: =IF(G79="","",CHOOSE(WEEKDAY(B79,2),"lunedì","martedì","mercoledì","giovedì","venerdì","sabato","domenica")) | D79: =IF(G79="","",IF(INDEX(Giorni!$I$2:$I$367,G79)="A","Assenza","Giustificata")) | E79: =IF(G79="","",IF(INDEX(Giorni!$F$2:$F$367,G79)=1,"Sì","No")) | F79: =IF(G79="","",IF(E79="Sì",IF(D79="Giustificata","Conta come presenza",""),IF(INDEX(Giorni!$D$2:$D$367,G79)=1,"Festività: non conta",IF(INDEX(Giorni!$E$2:$E$367,G79)=1,"Chiusura: non conta","Fuori periodo: non conta")))) | G79: =IFERROR(MATCH(75,Giorni!$N$2:$N$367,0),"")
A80: =IF(G80="","",76) | B80: =IF(G80="","",INDEX(Giorni!$A$2:$A$367,G80)) | C80: =IF(G80="","",CHOOSE(WEEKDAY(B80,2),"lunedì","martedì","mercoledì","giovedì","venerdì","sabato","domenica")) | D80: =IF(G80="","",IF(INDEX(Giorni!$I$2:$I$367,G80)="A","Assenza","Giustificata")) | E80: =IF(G80="","",IF(INDEX(Giorni!$F$2:$F$367,G80)=1,"Sì","No")) | F80: =IF(G80="","",IF(E80="Sì",IF(D80="Giustificata","Conta come presenza",""),IF(INDEX(Giorni!$D$2:$D$367,G80)=1,"Festività: non conta",IF(INDEX(Giorni!$E$2:$E$367,G80)=1,"Chiusura: non conta","Fuori periodo: non conta")))) | G80: =IFERROR(MATCH(76,Giorni!$N$2:$N$367,0),"")
A81: =IF(G81="","",77) | B81: =IF(G81="","",INDEX(Giorni!$A$2:$A$367,G81)) | C81: =IF(G81="","",CHOOSE(WEEKDAY(B81,2),"lunedì","martedì","mercoledì","giovedì","venerdì","sabato","domenica")) | D81: =IF(G81="","",IF(INDEX(Giorni!$I$2:$I$367,G81)="A","Assenza","Giustificata")) | E81: =IF(G81="","",IF(INDEX(Giorni!$F$2:$F$367,G81)=1,"Sì","No")) | F81: =IF(G81="","",IF(E81="Sì",IF(D81="Giustificata","Conta come presenza",""),IF(INDEX(Giorni!$D$2:$D$367,G81)=1,"Festività: non conta",IF(INDEX(Giorni!$E$2:$E$367,G81)=1,"Chiusura: non conta","Fuori periodo: non conta")))) | G81: =IFERROR(MATCH(77,Giorni!$N$2:$N$367,0),"")
A82: =IF(G82="","",78) | B82: =IF(G82="","",INDEX(Giorni!$A$2:$A$367,G82)) | C82: =IF(G82="","",CHOOSE(WEEKDAY(B82,2),"lunedì","martedì","mercoledì","giovedì","venerdì","sabato","domenica")) | D82: =IF(G82="","",IF(INDEX(Giorni!$I$2:$I$367,G82)="A","Assenza","Giustificata")) | E82: =IF(G82="","",IF(INDEX(Giorni!$F$2:$F$367,G82)=1,"Sì","No")) | F82: =IF(G82="","",IF(E82="Sì",IF(D82="Giustificata","Conta come presenza",""),IF(INDEX(Giorni!$D$2:$D$367,G82)=1,"Festività: non conta",IF(INDEX(Giorni!$E$2:$E$367,G82)=1,"Chiusura: non conta","Fuori periodo: non conta")))) | G82: =IFERROR(MATCH(78,Giorni!$N$2:$N$367,0),"")
A83: =IF(G83="","",79) | B83: =IF(G83="","",INDEX(Giorni!$A$2:$A$367,G83)) | C83: =IF(G83="","",CHOOSE(WEEKDAY(B83,2),"lunedì","martedì","mercoledì","giovedì","venerdì","sabato","domenica")) | D83: =IF(G83="","",IF(INDEX(Giorni!$I$2:$I$367,G83)="A","Assenza","Giustificata")) | E83: =IF(G83="","",IF(INDEX(Giorni!$F$2:$F$367,G83)=1,"Sì","No")) | F83: =IF(G83="","",IF(E83="Sì",IF(D83="Giustificata","Conta come presenza",""),IF(INDEX(Giorni!$D$2:$D$367,G83)=1,"Festività: non conta",IF(INDEX(Giorni!$E$2:$E$367,G83)=1,"Chiusura: non conta","Fuori periodo: non conta")))) | G83: =IFERROR(MATCH(79,Giorni!$N$2:$N$367,0),"")
A84: =IF(G84="","",80) | B84: =IF(G84="","",INDEX(Giorni!$A$2:$A$367,G84)) | C84: =IF(G84="","",CHOOSE(WEEKDAY(B84,2),"lunedì","martedì","mercoledì","giovedì","venerdì","sabato","domenica")) | D84: =IF(G84="","",IF(INDEX(Giorni!$I$2:$I$367,G84)="A","Assenza","Giustificata")) | E84: =IF(G84="","",IF(INDEX(Giorni!$F$2:$F$367,G84)=1,"Sì","No")) | F84: =IF(G84="","",IF(E84="Sì",IF(D84="Giustificata","Conta come presenza",""),IF(INDEX(Giorni!$D$2:$D$367,G84)=1,"Festività: non conta",IF(INDEX(Giorni!$E$2:$E$367,G84)=1,"Chiusura: non conta","Fuori periodo: non conta")))) | G84: =IFERROR(MATCH(80,Giorni!$N$2:$N$367,0),"")
A85: =IF(G85="","",81) | B85: =IF(G85="","",INDEX(Giorni!$A$2:$A$367,G85)) | C85: =IF(G85="","",CHOOSE(WEEKDAY(B85,2),"lunedì","martedì","mercoledì","giovedì","venerdì","sabato","domenica")) | D85: =IF(G85="","",IF(INDEX(Giorni!$I$2:$I$367,G85)="A","Assenza","Giustificata")) | E85: =IF(G85="","",IF(INDEX(Giorni!$F$2:$F$367,G85)=1,"Sì","No")) | F85: =IF(G85="","",IF(E85="Sì",IF(D85="Giustificata","Conta come presenza",""),IF(INDEX(Giorni!$D$2:$D$367,G85)=1,"Festività: non conta",IF(INDEX(Giorni!$E$2:$E$367,G85)=1,"Chiusura: non conta","Fuori periodo: non conta")))) | G85: =IFERROR(MATCH(81,Giorni!$N$2:$N$367,0),"")
A86: =IF(G86="","",82) | B86: =IF(G86="","",INDEX(Giorni!$A$2:$A$367,G86)) | C86: =IF(G86="","",CHOOSE(WEEKDAY(B86,2),"lunedì","martedì","mercoledì","giovedì","venerdì","sabato","domenica")) | D86: =IF(G86="","",IF(INDEX(Giorni!$I$2:$I$367,G86)="A","Assenza","Giustificata")) | E86: =IF(G86="","",IF(INDEX(Giorni!$F$2:$F$367,G86)=1,"Sì","No")) | F86: =IF(G86="","",IF(E86="Sì",IF(D86="Giustificata","Conta come presenza",""),IF(INDEX(Giorni!$D$2:$D$367,G86)=1,"Festività: non conta",IF(INDEX(Giorni!$E$2:$E$367,G86)=1,"Chiusura: non conta","Fuori periodo: non conta")))) | G86: =IFERROR(MATCH(82,Giorni!$N$2:$N$367,0),"")
A87: =IF(G87="","",83) | B87: =IF(G87="","",INDEX(Giorni!$A$2:$A$367,G87)) | C87: =IF(G87="","",CHOOSE(WEEKDAY(B87,2),"lunedì","martedì","mercoledì","giovedì","venerdì","sabato","domenica")) | D87: =IF(G87="","",IF(INDEX(Giorni!$I$2:$I$367,G87)="A","Assenza","Giustificata")) | E87: =IF(G87="","",IF(INDEX(Giorni!$F$2:$F$367,G87)=1,"Sì","No")) | F87: =IF(G87="","",IF(E87="Sì",IF(D87="Giustificata","Conta come presenza",""),IF(INDEX(Giorni!$D$2:$D$367,G87)=1,"Festività: non conta",IF(INDEX(Giorni!$E$2:$E$367,G87)=1,"Chiusura: non conta","Fuori periodo: non conta")))) | G87: =IFERROR(MATCH(83,Giorni!$N$2:$N$367,0),"")
A88: =IF(G88="","",84) | B88: =IF(G88="","",INDEX(Giorni!$A$2:$A$367,G88)) | C88: =IF(G88="","",CHOOSE(WEEKDAY(B88,2),"lunedì","martedì","mercoledì","giovedì","venerdì","sabato","domenica")) | D88: =IF(G88="","",IF(INDEX(Giorni!$I$2:$I$367,G88)="A","Assenza","Giustificata")) | E88: =IF(G88="","",IF(INDEX(Giorni!$F$2:$F$367,G88)=1,"Sì","No")) | F88: =IF(G88="","",IF(E88="Sì",IF(D88="Giustificata","Conta come presenza",""),IF(INDEX(Giorni!$D$2:$D$367,G88)=1,"Festività: non conta",IF(INDEX(Giorni!$E$2:$E$367,G88)=1,"Chiusura: non conta","Fuori periodo: non conta")))) | G88: =IFERROR(MATCH(84,Giorni!$N$2:$N$367,0),"")
A89: =IF(G89="","",85) | B89: =IF(G89="","",INDEX(Giorni!$A$2:$A$367,G89)) | C89: =IF(G89="","",CHOOSE(WEEKDAY(B89,2),"lunedì","martedì","mercoledì","giovedì","venerdì","sabato","domenica")) | D89: =IF(G89="","",IF(INDEX(Giorni!$I$2:$I$367,G89)="A","Assenza","Giustificata")) | E89: =IF(G89="","",IF(INDEX(Giorni!$F$2:$F$367,G89)=1,"Sì","No")) | F89: =IF(G89="","",IF(E89="Sì",IF(D89="Giustificata","Conta come presenza",""),IF(INDEX(Giorni!$D$2:$D$367,G89)=1,"Festività: non conta",IF(INDEX(Giorni!$E$2:$E$367,G89)=1,"Chiusura: non conta","Fuori periodo: non conta")))) | G89: =IFERROR(MATCH(85,Giorni!$N$2:$N$367,0),"")
A90: =IF(G90="","",86) | B90: =IF(G90="","",INDEX(Giorni!$A$2:$A$367,G90)) | C90: =IF(G90="","",CHOOSE(WEEKDAY(B90,2),"lunedì","martedì","mercoledì","giovedì","venerdì","sabato","domenica")) | D90: =IF(G90="","",IF(INDEX(Giorni!$I$2:$I$367,G90)="A","Assenza","Giustificata")) | E90: =IF(G90="","",IF(INDEX(Giorni!$F$2:$F$367,G90)=1,"Sì","No")) | F90: =IF(G90="","",IF(E90="Sì",IF(D90="Giustificata","Conta come presenza",""),IF(INDEX(Giorni!$D$2:$D$367,G90)=1,"Festività: non conta",IF(INDEX(Giorni!$E$2:$E$367,G90)=1,"Chiusura: non conta","Fuori periodo: non conta")))) | G90: =IFERROR(MATCH(86,Giorni!$N$2:$N$367,0),"")
A91: =IF(G91="","",87) | B91: =IF(G91="","",INDEX(Giorni!$A$2:$A$367,G91)) | C91: =IF(G91="","",CHOOSE(WEEKDAY(B91,2),"lunedì","martedì","mercoledì","giovedì","venerdì","sabato","domenica")) | D91: =IF(G91="","",IF(INDEX(Giorni!$I$2:$I$367,G91)="A","Assenza","Giustificata")) | E91: =IF(G91="","",IF(INDEX(Giorni!$F$2:$F$367,G91)=1,"Sì","No")) | F91: =IF(G91="","",IF(E91="Sì",IF(D91="Giustificata","Conta come presenza",""),IF(INDEX(Giorni!$D$2:$D$367,G91)=1,"Festività: non conta",IF(INDEX(Giorni!$E$2:$E$367,G91)=1,"Chiusura: non conta","Fuori periodo: non conta")))) | G91: =IFERROR(MATCH(87,Giorni!$N$2:$N$367,0),"")
A92: =IF(G92="","",88) | B92: =IF(G92="","",INDEX(Giorni!$A$2:$A$367,G92)) | C92: =IF(G92="","",CHOOSE(WEEKDAY(B92,2),"lunedì","martedì","mercoledì","giovedì","venerdì","sabato","domenica")) | D92: =IF(G92="","",IF(INDEX(Giorni!$I$2:$I$367,G92)="A","Assenza","Giustificata")) | E92: =IF(G92="","",IF(INDEX(Giorni!$F$2:$F$367,G92)=1,"Sì","No")) | F92: =IF(G92="","",IF(E92="Sì",IF(D92="Giustificata","Conta come presenza",""),IF(INDEX(Giorni!$D$2:$D$367,G92)=1,"Festività: non conta",IF(INDEX(Giorni!$E$2:$E$367,G92)=1,"Chiusura: non conta","Fuori periodo: non conta")))) | G92: =IFERROR(MATCH(88,Giorni!$N$2:$N$367,0),"")
A93: =IF(G93="","",89) | B93: =IF(G93="","",INDEX(Giorni!$A$2:$A$367,G93)) | C93: =IF(G93="","",CHOOSE(WEEKDAY(B93,2),"lunedì","martedì","mercoledì","giovedì","venerdì","sabato","domenica")) | D93: =IF(G93="","",IF(INDEX(Giorni!$I$2:$I$367,G93)="A","Assenza","Giustificata")) | E93: =IF(G93="","",IF(INDEX(Giorni!$F$2:$F$367,G93)=1,"Sì","No")) | F93: =IF(G93="","",IF(E93="Sì",IF(D93="Giustificata","Conta come presenza",""),IF(INDEX(Giorni!$D$2:$D$367,G93)=1,"Festività: non conta",IF(INDEX(Giorni!$E$2:$E$367,G93)=1,"Chiusura: non conta","Fuori periodo: non conta")))) | G93: =IFERROR(MATCH(89,Giorni!$N$2:$N$367,0),"")
A94: =IF(G94="","",90) | B94: =IF(G94="","",INDEX(Giorni!$A$2:$A$367,G94)) | C94: =IF(G94="","",CHOOSE(WEEKDAY(B94,2),"lunedì","martedì","mercoledì","giovedì","venerdì","sabato","domenica")) | D94: =IF(G94="","",IF(INDEX(Giorni!$I$2:$I$367,G94)="A","Assenza","Giustificata")) | E94: =IF(G94="","",IF(INDEX(Giorni!$F$2:$F$367,G94)=1,"Sì","No")) | F94: =IF(G94="","",IF(E94="Sì",IF(D94="Giustificata","Conta come presenza",""),IF(INDEX(Giorni!$D$2:$D$367,G94)=1,"Festività: non conta",IF(INDEX(Giorni!$E$2:$E$367,G94)=1,"Chiusura: non conta","Fuori periodo: non conta")))) | G94: =IFERROR(MATCH(90,Giorni!$N$2:$N$367,0),"")
A95: =IF(G95="","",91) | B95: =IF(G95="","",INDEX(Giorni!$A$2:$A$367,G95)) | C95: =IF(G95="","",CHOOSE(WEEKDAY(B95,2),"lunedì","martedì","mercoledì","giovedì","venerdì","sabato","domenica")) | D95: =IF(G95="","",IF(INDEX(Giorni!$I$2:$I$367,G95)="A","Assenza","Giustificata")) | E95: =IF(G95="","",IF(INDEX(Giorni!$F$2:$F$367,G95)=1,"Sì","No")) | F95: =IF(G95="","",IF(E95="Sì",IF(D95="Giustificata","Conta come presenza",""),IF(INDEX(Giorni!$D$2:$D$367,G95)=1,"Festività: non conta",IF(INDEX(Giorni!$E$2:$E$367,G95)=1,"Chiusura: non conta","Fuori periodo: non conta")))) | G95: =IFERROR(MATCH(91,Giorni!$N$2:$N$367,0),"")
A96: =IF(G96="","",92) | B96: =IF(G96="","",INDEX(Giorni!$A$2:$A$367,G96)) | C96: =IF(G96="","",CHOOSE(WEEKDAY(B96,2),"lunedì","martedì","mercoledì","giovedì","venerdì","sabato","domenica")) | D96: =IF(G96="","",IF(INDEX(Giorni!$I$2:$I$367,G96)="A","Assenza","Giustificata")) | E96: =IF(G96="","",IF(INDEX(Giorni!$F$2:$F$367,G96)=1,"Sì","No")) | F96: =IF(G96="","",IF(E96="Sì",IF(D96="Giustificata","Conta come presenza",""),IF(INDEX(Giorni!$D$2:$D$367,G96)=1,"Festività: non conta",IF(INDEX(Giorni!$E$2:$E$367,G96)=1,"Chiusura: non conta","Fuori periodo: non conta")))) | G96: =IFERROR(MATCH(92,Giorni!$N$2:$N$367,0),"")
A97: =IF(G97="","",93) | B97: =IF(G97="","",INDEX(Giorni!$A$2:$A$367,G97)) | C97: =IF(G97="","",CHOOSE(WEEKDAY(B97,2),"lunedì","martedì","mercoledì","giovedì","venerdì","sabato","domenica")) | D97: =IF(G97="","",IF(INDEX(Giorni!$I$2:$I$367,G97)="A","Assenza","Giustificata")) | E97: =IF(G97="","",IF(INDEX(Giorni!$F$2:$F$367,G97)=1,"Sì","No")) | F97: =IF(G97="","",IF(E97="Sì",IF(D97="Giustificata","Conta come presenza",""),IF(INDEX(Giorni!$D$2:$D$367,G97)=1,"Festività: non conta",IF(INDEX(Giorni!$E$2:$E$367,G97)=1,"Chiusura: non conta","Fuori periodo: non conta")))) | G97: =IFERROR(MATCH(93,Giorni!$N$2:$N$367,0),"")
A98: =IF(G98="","",94) | B98: =IF(G98="","",INDEX(Giorni!$A$2:$A$367,G98)) | C98: =IF(G98="","",CHOOSE(WEEKDAY(B98,2),"lunedì","martedì","mercoledì","giovedì","venerdì","sabato","domenica")) | D98: =IF(G98="","",IF(INDEX(Giorni!$I$2:$I$367,G98)="A","Assenza","Giustificata")) | E98: =IF(G98="","",IF(INDEX(Giorni!$F$2:$F$367,G98)=1,"Sì","No")) | F98: =IF(G98="","",IF(E98="Sì",IF(D98="Giustificata","Conta come presenza",""),IF(INDEX(Giorni!$D$2:$D$367,G98)=1,"Festività: non conta",IF(INDEX(Giorni!$E$2:$E$367,G98)=1,"Chiusura: non conta","Fuori periodo: non conta")))) | G98: =IFERROR(MATCH(94,Giorni!$N$2:$N$367,0),"")
A99: =IF(G99="","",95) | B99: =IF(G99="","",INDEX(Giorni!$A$2:$A$367,G99)) | C99: =IF(G99="","",CHOOSE(WEEKDAY(B99,2),"lunedì","martedì","mercoledì","giovedì","venerdì","sabato","domenica")) | D99: =IF(G99="","",IF(INDEX(Giorni!$I$2:$I$367,G99)="A","Assenza","Giustificata")) | E99: =IF(G99="","",IF(INDEX(Giorni!$F$2:$F$367,G99)=1,"Sì","No")) | F99: =IF(G99="","",IF(E99="Sì",IF(D99="Giustificata","Conta come presenza",""),IF(INDEX(Giorni!$D$2:$D$367,G99)=1,"Festività: non conta",IF(INDEX(Giorni!$E$2:$E$367,G99)=1,"Chiusura: non conta","Fuori periodo: non conta")))) | G99: =IFERROR(MATCH(95,Giorni!$N$2:$N$367,0),"")
A100: =IF(G100="","",96) | B100: =IF(G100="","",INDEX(Giorni!$A$2:$A$367,G100)) | C100: =IF(G100="","",CHOOSE(WEEKDAY(B100,2),"lunedì","martedì","mercoledì","giovedì","venerdì","sabato","domenica")) | D100: =IF(G100="","",IF(INDEX(Giorni!$I$2:$I$367,G100)="A","Assenza","Giustificata")) | E100: =IF(G100="","",IF(INDEX(Giorni!$F$2:$F$367,G100)=1,"Sì","No")) | F100: =IF(G100="","",IF(E100="Sì",IF(D100="Giustificata","Conta come presenza",""),IF(INDEX(Giorni!$D$2:$D$367,G100)=1,"Festività: non conta",IF(INDEX(Giorni!$E$2:$E$367,G100)=1,"Chiusura: non conta","Fuori periodo: non conta")))) | G100: =IFERROR(MATCH(96,Giorni!$N$2:$N$367,0),"")
...

Sheet Impostazioni
A1: IMPOSTAZIONI
A2: Testo blu su fondo giallo = cella modificabile. Tutto il resto si calcola da solo.
A3: PARAMETRI
A4: Data di ingresso (inizio periodo) | B4: 46296 | C4: Provvisoria: 1 ottobre 2026. Cambiala quando conosci il giorno di ingresso.
A5: Fine periodo | B5: 46660 | C5: Fine settembre 2027.
A6: Soglia minima di presenza | B6: 0.56 | C6: Regolamento: almeno il 56% di pernottamenti su base annuale.
A7: Data di riferimento (vuoto = oggi) | C7: Facoltativa: scrivi una data per simulare la situazione a quel giorno. Nell'uso normale lasciala vuota.
A8: Data usata nei calcoli | B8: =IF(B7="",TODAY(),B7) -> 46298 | C8: Calcolata: oggi, oppure la data di riferimento se compilata.
A9: Base della frazione di mese | B9: Giorni validi | C9: 'Giorni validi' (esclude festività e chiusure) oppure 'Giorni di calendario' (come il vecchio Excel).
A10: Avviso quando le assenze rimanenti sono ≤ | B10: 10 | C10: Scelta mia: soglia a cui compare l'avviso 'ATTENZIONE' nel Calendario.
A11: Primo mese mostrato nel Calendario | B11: =EDATE(DATE(YEAR(B5),MONTH(B5),1),-11) -> 46296 | C11: Calcolato: i 12 mesi del Calendario terminano col mese di fine periodo.
A12: Controllo dei dati inseriti | B12: =IF(B5<=B4,"La fine del periodo deve essere dopo l'inizio",IF(B4<B11,"Il periodo supera i 12 mesi mostrati: sposta inizio o fine",IF(OR(B6<=0,B6>1),"La soglia deve essere tra 0% e 100%",IF(SUMPRODUCT(--((A16:A23<>"")<>(B16:B23<>"")))+SUMPRODUCT((A16:A23<>"")*(B16:B23<>"")*(A16:A23>B16:B23))>0,"Chiusure: controlla le date Dal/Al","OK")))) -> OK | C12: Deve dire OK. Altrimenti il Calendario mostra 'VERIFICA IMPOSTAZIONI'.
A14: CHIUSURE DELLA RESIDENZA (giorni esclusi dal calcolo)
A15: Dal | B15: Al | C15: Descrizione
A16: 46379 | B16: 46393 | C16: Chiusura natalizia - DATE PROVVISORIE, modificale
A17: 46600 | B17: 46630 | C17: Agosto (stanza liberata entro il 31 luglio, rientro dal 1 settembre)
A25: FESTIVITÀ (giorni esclusi dal calcolo)
A26: Data | B26: Giorno | C26: Descrizione
A27: 46327 | B27: =IF(A27="","",CHOOSE(WEEKDAY(A27,2),"lun","mar","mer","gio","ven","sab","dom")) -> dom | C27: Ognissanti
A28: 46364 | B28: =IF(A28="","",CHOOSE(WEEKDAY(A28,2),"lun","mar","mer","gio","ven","sab","dom")) -> mar | C28: Immacolata Concezione
A29: 46381 | B29: =IF(A29="","",CHOOSE(WEEKDAY(A29,2),"lun","mar","mer","gio","ven","sab","dom")) -> ven | C29: Natale
A30: 46382 | B30: =IF(A30="","",CHOOSE(WEEKDAY(A30,2),"lun","mar","mer","gio","ven","sab","dom")) -> sab | C30: Santo Stefano
A31: 46388 | B31: =IF(A31="","",CHOOSE(WEEKDAY(A31,2),"lun","mar","mer","gio","ven","sab","dom")) -> ven | C31: Capodanno
A32: 46393 | B32: =IF(A32="","",CHOOSE(WEEKDAY(A32,2),"lun","mar","mer","gio","ven","sab","dom")) -> mer | C32: Epifania
A33: 46474 | B33: =IF(A33="","",CHOOSE(WEEKDAY(A33,2),"lun","mar","mer","gio","ven","sab","dom")) -> dom | C33: Pasqua
A34: 46475 | B34: =IF(A34="","",CHOOSE(WEEKDAY(A34,2),"lun","mar","mer","gio","ven","sab","dom")) -> lun | C34: Lunedì dell'Angelo (Pasquetta)
A35: 46502 | B35: =IF(A35="","",CHOOSE(WEEKDAY(A35,2),"lun","mar","mer","gio","ven","sab","dom")) -> dom | C35: Festa della Liberazione
A36: 46508 | B36: =IF(A36="","",CHOOSE(WEEKDAY(A36,2),"lun","mar","mer","gio","ven","sab","dom")) -> sab | C36: Festa del Lavoro
A37: 46540 | B37: =IF(A37="","",CHOOSE(WEEKDAY(A37,2),"lun","mar","mer","gio","ven","sab","dom")) -> mer | C37: Festa della Repubblica
A38: 46614 | B38: =IF(A38="","",CHOOSE(WEEKDAY(A38,2),"lun","mar","mer","gio","ven","sab","dom")) -> dom | C38: Ferragosto
B39: =IF(A39="","",CHOOSE(WEEKDAY(A39,2),"lun","mar","mer","gio","ven","sab","dom"))
B40: =IF(A40="","",CHOOSE(WEEKDAY(A40,2),"lun","mar","mer","gio","ven","sab","dom"))
B41: =IF(A41="","",CHOOSE(WEEKDAY(A41,2),"lun","mar","mer","gio","ven","sab","dom"))
B42: =IF(A42="","",CHOOSE(WEEKDAY(A42,2),"lun","mar","mer","gio","ven","sab","dom"))
B43: =IF(A43="","",CHOOSE(WEEKDAY(A43,2),"lun","mar","mer","gio","ven","sab","dom"))
B44: =IF(A44="","",CHOOSE(WEEKDAY(A44,2),"lun","mar","mer","gio","ven","sab","dom"))
B45: =IF(A45="","",CHOOSE(WEEKDAY(A45,2),"lun","mar","mer","gio","ven","sab","dom"))
B46: =IF(A46="","",CHOOSE(WEEKDAY(A46,2),"lun","mar","mer","gio","ven","sab","dom"))
B47: =IF(A47="","",CHOOSE(WEEKDAY(A47,2),"lun","mar","mer","gio","ven","sab","dom"))
B48: =IF(A48="","",CHOOSE(WEEKDAY(A48,2),"lun","mar","mer","gio","ven","sab","dom"))
B49: =IF(A49="","",CHOOSE(WEEKDAY(A49,2),"lun","mar","mer","gio","ven","sab","dom"))
B50: =IF(A50="","",CHOOSE(WEEKDAY(A50,2),"lun","mar","mer","gio","ven","sab","dom"))
... B56: =IF(A56="","",CHOOSE(WEEKDAY(A56,2),"lun","mar","mer","gio","ven","sab","dom"))
A58: COME FUNZIONA E IPOTESI DI CALCOLO
A59: • Ogni giorno valido è una presenza per impostazione predefinita: nel Calendario si segnano solo le assenze (A) e le giustificate (G).
A60: • Per annullare un'assenza scegli P (presente) dalla tendina, oppure cancella la cella.
A61: • Giorni validi = giorni del periodo − festività − chiusure (un giorno in entrambe si toglie una volta sola). Sabato e domenica sono validi.
A62: • Presenze minime = 56% dei giorni validi, arrotondato per eccesso. Assenze massime = giorni validi − presenze minime.
A63: • Le assenze giustificate (G) contano come presenza e non riducono le assenze rimanenti.
A64: • Un'assenza segnata in un giorno festivo, di chiusura o fuori periodo non viene conteggiata (il foglio Elenco lo indica).
A65: • Festività: calendario nazionale italiano, con Pasqua e Pasquetta. San Nicola (6 maggio) non inclusa.
A66: • Chiusura natalizia 23/12–06/01: date provvisorie, le date esatte non sono ancora note.
A67: • Assenze mensili rimanenti = assenze rimanenti ÷ (frazione del mese corrente ancora da vivere + mesi interi successivi), come nel vecchio Excel.
A68: • I fogli sono protetti senza password per evitare cancellazioni accidentali: Revisione > Rimuovi protezione foglio, se serve modificarli.

Sheet Giorni
A1: Data | B1: Mese | C1: In periodo | D1: Festivo | E1: Chiuso | F1: Valido | G1: Blocco | H1: Settimana | I1: Stato | J1: Assenza (conta) | K1: Giustificata | L1: Valido da oggi | M1: Classe | N1: N° segnata | P1: Foglio di calcolo: non modificare. Una riga per data; lo Stato è letto dal Calendario.
A2: =Impostazioni!$B$11 -> 46296 | B2: =DATE(YEAR(A2),MONTH(A2),1) -> 46296 | C2: =IF(AND(A2>=Impostazioni!$B$4,A2<=Impostazioni!$B$5),1,0) -> 1 | D2: =IF(COUNTIF(Impostazioni!$A$27:$A$56,A2)>0,1,0) -> 0 | E2: =IF(COUNTIFS(Impostazioni!$A$16:$A$23,"<="&A2,Impostazioni!$B$16:$B$23,">="&A2)>0,1,0) -> 0 | F2: =IF(AND(C2=1,D2=0,E2=0),1,0) -> 1 | G2: =(YEAR(A2)-YEAR(Impostazioni!$B$11))*12+MONTH(A2)-MONTH(Impostazioni!$B$11) -> 0 | H2: =INT((DAY(A2)-1+WEEKDAY(DATE(YEAR(A2),MONTH(A2),1),2)-1)/7) -> 0 | I2: =IF(G2>11,"",INDEX(Calendario!$A$14:$G$193,4+15*G2+2*H2,WEEKDAY(A2,2))&"") | J2: =IF(AND(F2=1,I2="A"),1,0) -> 0 | K2: =IF(AND(F2=1,I2="G"),1,0) -> 0 | L2: =IF(AND(F2=1,A2>=Impostazioni!$B$8),1,0) -> 0 | M2: =IF(C2=0,3,IF(OR(D2=1,E2=1),2,IF(WEEKDAY(A2,2)>5,1,0))) -> 0 | N2: =IF(OR(I2="A",I2="G"),MAX(N$1:N1)+1,"")
A3: =A2+1 -> 46297 | B3: =DATE(YEAR(A3),MONTH(A3),1) -> 46296 | C3: =IF(AND(A3>=Impostazioni!$B$4,A3<=Impostazioni!$B$5),1,0) -> 1 | D3: =IF(COUNTIF(Impostazioni!$A$27:$A$56,A3)>0,1,0) -> 0 | E3: =IF(COUNTIFS(Impostazioni!$A$16:$A$23,"<="&A3,Impostazioni!$B$16:$B$23,">="&A3)>0,1,0) -> 0 | F3: =IF(AND(C3=1,D3=0,E3=0),1,0) -> 1 | G3: =(YEAR(A3)-YEAR(Impostazioni!$B$11))*12+MONTH(A3)-MONTH(Impostazioni!$B$11) -> 0 | H3: =INT((DAY(A3)-1+WEEKDAY(DATE(YEAR(A3),MONTH(A3),1),2)-1)/7) -> 0 | I3: =IF(G3>11,"",INDEX(Calendario!$A$14:$G$193,4+15*G3+2*H3,WEEKDAY(A3,2))&"") | J3: =IF(AND(F3=1,I3="A"),1,0) -> 0 | K3: =IF(AND(F3=1,I3="G"),1,0) -> 0 | L3: =IF(AND(F3=1,A3>=Impostazioni!$B$8),1,0) -> 0 | M3: =IF(C3=0,3,IF(OR(D3=1,E3=1),2,IF(WEEKDAY(A3,2)>5,1,0))) -> 0 | N3: =IF(OR(I3="A",I3="G"),MAX(N$1:N2)+1,"")
A4: =A3+1 -> 46298 | B4: =DATE(YEAR(A4),MONTH(A4),1) -> 46296 | C4: =IF(AND(A4>=Impostazioni!$B$4,A4<=Impostazioni!$B$5),1,0) -> 1 | D4: =IF(COUNTIF(Impostazioni!$A$27:$A$56,A4)>0,1,0) -> 0 | E4: =IF(COUNTIFS(Impostazioni!$A$16:$A$23,"<="&A4,Impostazioni!$B$16:$B$23,">="&A4)>0,1,0) -> 0 | F4: =IF(AND(C4=1,D4=0,E4=0),1,0) -> 1 | G4: =(YEAR(A4)-YEAR(Impostazioni!$B$11))*12+MONTH(A4)-MONTH(Impostazioni!$B$11) -> 0 | H4: =INT((DAY(A4)-1+WEEKDAY(DATE(YEAR(A4),MONTH(A4),1),2)-1)/7) -> 0 | I4: =IF(G4>11,"",INDEX(Calendario!$A$14:$G$193,4+15*G4+2*H4,WEEKDAY(A4,2))&"") | J4: =IF(AND(F4=1,I4="A"),1,0) -> 0 | K4: =IF(AND(F4=1,I4="G"),1,0) -> 0 | L4: =IF(AND(F4=1,A4>=Impostazioni!$B$8),1,0) -> 1 | M4: =IF(C4=0,3,IF(OR(D4=1,E4=1),2,IF(WEEKDAY(A4,2)>5,1,0))) -> 1 | N4: =IF(OR(I4="A",I4="G"),MAX(N$1:N3)+1,"")
A5: =A4+1 -> 46299 | B5: =DATE(YEAR(A5),MONTH(A5),1) -> 46296 | C5: =IF(AND(A5>=Impostazioni!$B$4,A5<=Impostazioni!$B$5),1,0) -> 1 | D5: =IF(COUNTIF(Impostazioni!$A$27:$A$56,A5)>0,1,0) -> 0 | E5: =IF(COUNTIFS(Impostazioni!$A$16:$A$23,"<="&A5,Impostazioni!$B$16:$B$23,">="&A5)>0,1,0) -> 0 | F5: =IF(AND(C5=1,D5=0,E5=0),1,0) -> 1 | G5: =(YEAR(A5)-YEAR(Impostazioni!$B$11))*12+MONTH(A5)-MONTH(Impostazioni!$B$11) -> 0 | H5: =INT((DAY(A5)-1+WEEKDAY(DATE(YEAR(A5),MONTH(A5),1),2)-1)/7) -> 0 | I5: =IF(G5>11,"",INDEX(Calendario!$A$14:$G$193,4+15*G5+2*H5,WEEKDAY(A5,2))&"") | J5: =IF(AND(F5=1,I5="A"),1,0) -> 0 | K5: =IF(AND(F5=1,I5="G"),1,0) -> 0 | L5: =IF(AND(F5=1,A5>=Impostazioni!$B$8),1,0) -> 1 | M5: =IF(C5=0,3,IF(OR(D5=1,E5=1),2,IF(WEEKDAY(A5,2)>5,1,0))) -> 1 | N5: =IF(OR(I5="A",I5="G"),MAX(N$1:N4)+1,"")
A6: =A5+1 -> 46300 | B6: =DATE(YEAR(A6),MONTH(A6),1) -> 46296 | C6: =IF(AND(A6>=Impostazioni!$B$4,A6<=Impostazioni!$B$5),1,0) -> 1 | D6: =IF(COUNTIF(Impostazioni!$A$27:$A$56,A6)>0,1,0) -> 0 | E6: =IF(COUNTIFS(Impostazioni!$A$16:$A$23,"<="&A6,Impostazioni!$B$16:$B$23,">="&A6)>0,1,0) -> 0 | F6: =IF(AND(C6=1,D6=0,E6=0),1,0) -> 1 | G6: =(YEAR(A6)-YEAR(Impostazioni!$B$11))*12+MONTH(A6)-MONTH(Impostazioni!$B$11) -> 0 | H6: =INT((DAY(A6)-1+WEEKDAY(DATE(YEAR(A6),MONTH(A6),1),2)-1)/7) -> 1 | I6: =IF(G6>11,"",INDEX(Calendario!$A$14:$G$193,4+15*G6+2*H6,WEEKDAY(A6,2))&"") | J6: =IF(AND(F6=1,I6="A"),1,0) -> 0 | K6: =IF(AND(F6=1,I6="G"),1,0) -> 0 | L6: =IF(AND(F6=1,A6>=Impostazioni!$B$8),1,0) -> 1 | M6: =IF(C6=0,3,IF(OR(D6=1,E6=1),2,IF(WEEKDAY(A6,2)>5,1,0))) -> 0 | N6: =IF(OR(I6="A",I6="G"),MAX(N$1:N5)+1,"")
A7: =A6+1 -> 46301 | B7: =DATE(YEAR(A7),MONTH(A7),1) -> 46296 | C7: =IF(AND(A7>=Impostazioni!$B$4,A7<=Impostazioni!$B$5),1,0) -> 1 | D7: =IF(COUNTIF(Impostazioni!$A$27:$A$56,A7)>0,1,0) -> 0 | E7: =IF(COUNTIFS(Impostazioni!$A$16:$A$23,"<="&A7,Impostazioni!$B$16:$B$23,">="&A7)>0,1,0) -> 0 | F7: =IF(AND(C7=1,D7=0,E7=0),1,0) -> 1 | G7: =(YEAR(A7)-YEAR(Impostazioni!$B$11))*12+MONTH(A7)-MONTH(Impostazioni!$B$11) -> 0 | H7: =INT((DAY(A7)-1+WEEKDAY(DATE(YEAR(A7),MONTH(A7),1),2)-1)/7) -> 1 | I7: =IF(G7>11,"",INDEX(Calendario!$A$14:$G$193,4+15*G7+2*H7,WEEKDAY(A7,2))&"") | J7: =IF(AND(F7=1,I7="A"),1,0) -> 0 | K7: =IF(AND(F7=1,I7="G"),1,0) -> 0 | L7: =IF(AND(F7=1,A7>=Impostazioni!$B$8),1,0) -> 1 | M7: =IF(C7=0,3,IF(OR(D7=1,E7=1),2,IF(WEEKDAY(A7,2)>5,1,0))) -> 0 | N7: =IF(OR(I7="A",I7="G"),MAX(N$1:N6)+1,"")
A8: =A7+1 -> 46302 | B8: =DATE(YEAR(A8),MONTH(A8),1) -> 46296 | C8: =IF(AND(A8>=Impostazioni!$B$4,A8<=Impostazioni!$B$5),1,0) -> 1 | D8: =IF(COUNTIF(Impostazioni!$A$27:$A$56,A8)>0,1,0) -> 0 | E8: =IF(COUNTIFS(Impostazioni!$A$16:$A$23,"<="&A8,Impostazioni!$B$16:$B$23,">="&A8)>0,1,0) -> 0 | F8: =IF(AND(C8=1,D8=0,E8=0),1,0) -> 1 | G8: =(YEAR(A8)-YEAR(Impostazioni!$B$11))*12+MONTH(A8)-MONTH(Impostazioni!$B$11) -> 0 | H8: =INT((DAY(A8)-1+WEEKDAY(DATE(YEAR(A8),MONTH(A8),1),2)-1)/7) -> 1 | I8: =IF(G8>11,"",INDEX(Calendario!$A$14:$G$193,4+15*G8+2*H8,WEEKDAY(A8,2))&"") | J8: =IF(AND(F8=1,I8="A"),1,0) -> 0 | K8: =IF(AND(F8=1,I8="G"),1,0) -> 0 | L8: =IF(AND(F8=1,A8>=Impostazioni!$B$8),1,0) -> 1 | M8: =IF(C8=0,3,IF(OR(D8=1,E8=1),2,IF(WEEKDAY(A8,2)>5,1,0))) -> 0 | N8: =IF(OR(I8="A",I8="G"),MAX(N$1:N7)+1,"")
A9: =A8+1 -> 46303 | B9: =DATE(YEAR(A9),MONTH(A9),1) -> 46296 | C9: =IF(AND(A9>=Impostazioni!$B$4,A9<=Impostazioni!$B$5),1,0) -> 1 | D9: =IF(COUNTIF(Impostazioni!$A$27:$A$56,A9)>0,1,0) -> 0 | E9: =IF(COUNTIFS(Impostazioni!$A$16:$A$23,"<="&A9,Impostazioni!$B$16:$B$23,">="&A9)>0,1,0) -> 0 | F9: =IF(AND(C9=1,D9=0,E9=0),1,0) -> 1 | G9: =(YEAR(A9)-YEAR(Impostazioni!$B$11))*12+MONTH(A9)-MONTH(Impostazioni!$B$11) -> 0 | H9: =INT((DAY(A9)-1+WEEKDAY(DATE(YEAR(A9),MONTH(A9),1),2)-1)/7) -> 1 | I9: =IF(G9>11,"",INDEX(Calendario!$A$14:$G$193,4+15*G9+2*H9,WEEKDAY(A9,2))&"") | J9: =IF(AND(F9=1,I9="A"),1,0) -> 0 | K9: =IF(AND(F9=1,I9="G"),1,0) -> 0 | L9: =IF(AND(F9=1,A9>=Impostazioni!$B$8),1,0) -> 1 | M9: =IF(C9=0,3,IF(OR(D9=1,E9=1),2,IF(WEEKDAY(A9,2)>5,1,0))) -> 0 | N9: =IF(OR(I9="A",I9="G"),MAX(N$1:N8)+1,"")
A10: =A9+1 -> 46304 | B10: =DATE(YEAR(A10),MONTH(A10),1) -> 46296 | C10: =IF(AND(A10>=Impostazioni!$B$4,A10<=Impostazioni!$B$5),1,0) -> 1 | D10: =IF(COUNTIF(Impostazioni!$A$27:$A$56,A10)>0,1,0) -> 0 | E10: =IF(COUNTIFS(Impostazioni!$A$16:$A$23,"<="&A10,Impostazioni!$B$16:$B$23,">="&A10)>0,1,0) -> 0 | F10: =IF(AND(C10=1,D10=0,E10=0),1,0) -> 1 | G10: =(YEAR(A10)-YEAR(Impostazioni!$B$11))*12+MONTH(A10)-MONTH(Impostazioni!$B$11) -> 0 | H10: =INT((DAY(A10)-1+WEEKDAY(DATE(YEAR(A10),MONTH(A10),1),2)-1)/7) -> 1 | I10: =IF(G10>11,"",INDEX(Calendario!$A$14:$G$193,4+15*G10+2*H10,WEEKDAY(A10,2))&"") | J10: =IF(AND(F10=1,I10="A"),1,0) -> 0 | K10: =IF(AND(F10=1,I10="G"),1,0) -> 0 | L10: =IF(AND(F10=1,A10>=Impostazioni!$B$8),1,0) -> 1 | M10: =IF(C10=0,3,IF(OR(D10=1,E10=1),2,IF(WEEKDAY(A10,2)>5,1,0))) -> 0 | N10: =IF(OR(I10="A",I10="G"),MAX(N$1:N9)+1,"")
A11: =A10+1 -> 46305 | B11: =DATE(YEAR(A11),MONTH(A11),1) -> 46296 | C11: =IF(AND(A11>=Impostazioni!$B$4,A11<=Impostazioni!$B$5),1,0) -> 1 | D11: =IF(COUNTIF(Impostazioni!$A$27:$A$56,A11)>0,1,0) -> 0 | E11: =IF(COUNTIFS(Impostazioni!$A$16:$A$23,"<="&A11,Impostazioni!$B$16:$B$23,">="&A11)>0,1,0) -> 0 | F11: =IF(AND(C11=1,D11=0,E11=0),1,0) -> 1 | G11: =(YEAR(A11)-YEAR(Impostazioni!$B$11))*12+MONTH(A11)-MONTH(Impostazioni!$B$11) -> 0 | H11: =INT((DAY(A11)-1+WEEKDAY(DATE(YEAR(A11),MONTH(A11),1),2)-1)/7) -> 1 | I11: =IF(G11>11,"",INDEX(Calendario!$A$14:$G$193,4+15*G11+2*H11,WEEKDAY(A11,2))&"") | J11: =IF(AND(F11=1,I11="A"),1,0) -> 0 | K11: =IF(AND(F11=1,I11="G"),1,0) -> 0 | L11: =IF(AND(F11=1,A11>=Impostazioni!$B$8),1,0) -> 1 | M11: =IF(C11=0,3,IF(OR(D11=1,E11=1),2,IF(WEEKDAY(A11,2)>5,1,0))) -> 1 | N11: =IF(OR(I11="A",I11="G"),MAX(N$1:N10)+1,"")
A12: =A11+1 -> 46306 | B12: =DATE(YEAR(A12),MONTH(A12),1) -> 46296 | C12: =IF(AND(A12>=Impostazioni!$B$4,A12<=Impostazioni!$B$5),1,0) -> 1 | D12: =IF(COUNTIF(Impostazioni!$A$27:$A$56,A12)>0,1,0) -> 0 | E12: =IF(COUNTIFS(Impostazioni!$A$16:$A$23,"<="&A12,Impostazioni!$B$16:$B$23,">="&A12)>0,1,0) -> 0 | F12: =IF(AND(C12=1,D12=0,E12=0),1,0) -> 1 | G12: =(YEAR(A12)-YEAR(Impostazioni!$B$11))*12+MONTH(A12)-MONTH(Impostazioni!$B$11) -> 0 | H12: =INT((DAY(A12)-1+WEEKDAY(DATE(YEAR(A12),MONTH(A12),1),2)-1)/7) -> 1 | I12: =IF(G12>11,"",INDEX(Calendario!$A$14:$G$193,4+15*G12+2*H12,WEEKDAY(A12,2))&"") | J12: =IF(AND(F12=1,I12="A"),1,0) -> 0 | K12: =IF(AND(F12=1,I12="G"),1,0) -> 0 | L12: =IF(AND(F12=1,A12>=Impostazioni!$B$8),1,0) -> 1 | M12: =IF(C12=0,3,IF(OR(D12=1,E12=1),2,IF(WEEKDAY(A12,2)>5,1,0))) -> 1 | N12: =IF(OR(I12="A",I12="G"),MAX(N$1:N11)+1,"")
A13: =A12+1 -> 46307 | B13: =DATE(YEAR(A13),MONTH(A13),1) -> 46296 | C13: =IF(AND(A13>=Impostazioni!$B$4,A13<=Impostazioni!$B$5),1,0) -> 1 | D13: =IF(COUNTIF(Impostazioni!$A$27:$A$56,A13)>0,1,0) -> 0 | E13: =IF(COUNTIFS(Impostazioni!$A$16:$A$23,"<="&A13,Impostazioni!$B$16:$B$23,">="&A13)>0,1,0) -> 0 | F13: =IF(AND(C13=1,D13=0,E13=0),1,0) -> 1 | G13: =(YEAR(A13)-YEAR(Impostazioni!$B$11))*12+MONTH(A13)-MONTH(Impostazioni!$B$11) -> 0 | H13: =INT((DAY(A13)-1+WEEKDAY(DATE(YEAR(A13),MONTH(A13),1),2)-1)/7) -> 2 | I13: =IF(G13>11,"",INDEX(Calendario!$A$14:$G$193,4+15*G13+2*H13,WEEKDAY(A13,2))&"") | J13: =IF(AND(F13=1,I13="A"),1,0) -> 0 | K13: =IF(AND(F13=1,I13="G"),1,0) -> 0 | L13: =IF(AND(F13=1,A13>=Impostazioni!$B$8),1,0) -> 1 | M13: =IF(C13=0,3,IF(OR(D13=1,E13=1),2,IF(WEEKDAY(A13,2)>5,1,0))) -> 0 | N13: =IF(OR(I13="A",I13="G"),MAX(N$1:N12)+1,"")
A14: =A13+1 -> 46308 | B14: =DATE(YEAR(A14),MONTH(A14),1) -> 46296 | C14: =IF(AND(A14>=Impostazioni!$B$4,A14<=Impostazioni!$B$5),1,0) -> 1 | D14: =IF(COUNTIF(Impostazioni!$A$27:$A$56,A14)>0,1,0) -> 0 | E14: =IF(COUNTIFS(Impostazioni!$A$16:$A$23,"<="&A14,Impostazioni!$B$16:$B$23,">="&A14)>0,1,0) -> 0 | F14: =IF(AND(C14=1,D14=0,E14=0),1,0) -> 1 | G14: =(YEAR(A14)-YEAR(Impostazioni!$B$11))*12+MONTH(A14)-MONTH(Impostazioni!$B$11) -> 0 | H14: =INT((DAY(A14)-1+WEEKDAY(DATE(YEAR(A14),MONTH(A14),1),2)-1)/7) -> 2 | I14: =IF(G14>11,"",INDEX(Calendario!$A$14:$G$193,4+15*G14+2*H14,WEEKDAY(A14,2))&"") | J14: =IF(AND(F14=1,I14="A"),1,0) -> 0 | K14: =IF(AND(F14=1,I14="G"),1,0) -> 0 | L14: =IF(AND(F14=1,A14>=Impostazioni!$B$8),1,0) -> 1 | M14: =IF(C14=0,3,IF(OR(D14=1,E14=1),2,IF(WEEKDAY(A14,2)>5,1,0))) -> 0 | N14: =IF(OR(I14="A",I14="G"),MAX(N$1:N13)+1,"")
... A367: =A366+1 -> 46661 | B367: =DATE(YEAR(A367),MONTH(A367),1) -> 46661 | C367: =IF(AND(A367>=Impostazioni!$B$4,A367<=Impostazioni!$B$5),1,0) -> 0 | D367: =IF(COUNTIF(Impostazioni!$A$27:$A$56,A367)>0,1,0) -> 0 | E367: =IF(COUNTIFS(Impostazioni!$A$16:$A$23,"<="&A367,Impostazioni!$B$16:$B$23,">="&A367)>0,1,0) -> 0 | F367: =IF(AND(C367=1,D367=0,E367=0),1,0) -> 0 | G367: =(YEAR(A367)-YEAR(Impostazioni!$B$11))*12+MONTH(A367)-MONTH(Impostazioni!$B$11) -> 12 | H367: =INT((DAY(A367)-1+WEEKDAY(DATE(YEAR(A367),MONTH(A367),1),2)-1)/7) -> 0 | I367: =IF(G367>11,"",INDEX(Calendario!$A$14:$G$193,4+15*G367+2*H367,WEEKDAY(A367,2))&"") | J367: =IF(AND(F367=1,I367="A"),1,0) -> 0 | K367: =IF(AND(F367=1,I367="G"),1,0) -> 0 | L367: =IF(AND(F367=1,A367>=Impostazioni!$B$8),1,0) -> 0 | M367: =IF(C367=0,3,IF(OR(D367=1,E367=1),2,IF(WEEKDAY(A367,2)>5,1,0))) -> 3 | N367: =IF(OR(I367="A",I367="G"),MAX(N$1:N366)+1,"")
